icao,iata,city
NTGA,AAA,Anaa
YARY,AAB,Tanbar
HEAR,AAC,El Arish
HCAD,AAD,Adado
DABB,AAE,Annaba
KAAF,AAF,Apalachicola
EDKA,AAH,Aachen
,AAI,Arraias
SMCA,AAJ,Awaradam
NGUK,AAK,Buariki
EKYT,AAL,Aalborg
FAMD,AAM,Malamala
OMAL,AAN,Al Ain
SVAN,AAO,Anaco
WALS,AAP,Samarinda
URKA,AAQ,Krasnyi Kurgan
EKAH,AAR,Aarhus
WAVR,AAS,Apalapsili
ZWAT,AAT,Altay
NSAU,AAU,Asau
RPMA,AAV,Surallah
SBAX,AAX,Araxá
OYGD,AAY,Al Ghaydah
MGQZ,AAZ,Quezaltenango
UNAA,ABA,Abakan
DNAS,ABB,Asaba
LEAB,ABC,Albacete
OIAA,ABD,Abadan
KABE,ABE,Allentown
NGAB,ABF,Abaiang
YABI,ABG,Abingdon Downs
YAPH,ABH,Alpha
KABI,ABI,Abilene
DIAP,ABJ,Abidjan
HAKD,ABK,Kebri Dahar
PAFM,ABL,Ambler
YNPE,ABM,Bamaga
SMBN,ABN,Albina
DIAO,ABO,Aboisso
,ABP,Atkamba Mission
KABQ,ABQ,Albuquerque
KABR,ABR,Aberdeen
HEBL,ABS,Abu Simbel
OEBA,ABT,Al-Baha
WATA,ABU,Atambua
DNAA,ABV,Abuja
YMAY,ABX,East Albury
KABY,ABY,Albany
EGPD,ABZ,Aberdeen
MMAA,ACA,Acapulco
KACB,ACB,Bellaire
DGAA,ACC,Accra
SKAD,ACD,Acandí
GCRR,ACE,San Bartolomé
ZWAL,ACF,Aral
LSZR,ACH,St. Gallen
EGJA,ACI,Saint Anne
VCCA,ACJ,Anuradhapura
KACK,ACK,Nantucket
,ACM,Arica
MMCC,ACN,Ciudad Acuña
MRAF,ACO,Cóbano
OITM,ACP,Maragheh
SKAC,ACR,Araracuara
UNKS,ACS,Achinsk
KACT,ACT,Waco
MPAC,ACU,Mamitupu
KACV,ACV,Arcata
ZUYI,ACX,Xingyi
KACY,ACY,Atlantic City
OIZB,ACZ,Zabol
LTAF,ADA,Seyhan
LTBJ,ADB,Gaziemir
AYAN,ADC,Andekombe
HAAB,ADD,Addis Ababa
OYAA,ADE,Aden
LTCP,ADF,Adıyaman
KADG,ADG,Adrian
UEEA,ADH,Aldan
FYAR,ADI,Arandis
OJAM,ADJ,Amman
PADK,ADK,Adak
YPAD,ADL,Adelaide
KADM,ADM,Ardmore
YAMK,ADO,Andamooka
VCCG,ADP,Ampara
PADQ,ADQ,Kodiak
KPHH,ADR,Andrews
KADS,ADS,Dallas
KADH,ADT,Ada
OITL,ADU,Ardabil
,ADV,El Daein
KADW,ADW,Camp Springs
EGQL,ADX,"Leuchars, Fife"
FAAL,ADY,Alldays
SKSP,ADZ,San Andrés
NGTB,AEA,Abemama
ZGBS,AEB,Baise
HJAR,AEE,Adar
WIME,AEG,Padang Sidempuan
FTTC,AEH,Abeche
AYAX,AEK,Aseki
KAEL,AEL,Albert Lea
UHTG,AEM,Amgu
GQNA,AEO,Aioun El Atrouss
SABE,AEP,Buenos Aires
,AEQ,Chifeng
URSS,AER,Sochi
ENAL,AES,Ålesund
PFAL,AET,Allakaket
OIBA,AEU,Abu Musa
KAEX,AEX,Alexandria
BIAR,AEY,Akureyri
SAMR,AFA,San Rafael
FAPA,AFD,Port Alfred
KAFF,AFF,Colorado Springs
SKAM,AFI,Amalfi
,AFK,Ampara
SBAT,AFL,Alta Floresta
KAFN,AFN,Jaffrey
KAFO,AFO,Afton
AYAF,AFR,Afore
UZSN,AFS,Zarafshan
AGAF,AFT,Bila
KAFW,AFW,Fort Worth
LTAH,AFY,Afyonkarahisar
OIMS,AFZ,Sabzevar
GMAD,AGA,Agadir
EDMA,AGB,Augsburg
KAGC,AGC,Pittsburgh
WAUA,AGD,Anggi-Papua Island
EDWG,AGE,Wangerooge
LFBA,AGF,Agen
,AGG,Angoram
ESTA,AGH,Ängelholm
SMWA,AGI,Wageningen
RORA,AGJ,Aguni
,AGK,Kagua
AYWG,AGL,Wanigela
BGAM,AGM,Tasiilaq
PAGN,AGN,Angoon
KAGO,AGO,Magnolia
LEMG,AGP,Málaga
VIAG,AGR,Agra
KAGS,AGS,Augusta
SGES,AGT,Ciudad del Este
MMAS,AGU,Aguascalientes
SVAC,AGV,Acarigua
YAGN,AGW,Agnew
VOAT,AGX,Agatti
FAAG,AGZ,Aggeneys
,AHA,Ambikapur
OEAB,AHB,Abha
KAHC,AHC,Herlong
K1F0,AHD,Ardmore
NTHE,AHE,Ahe Atoll
K37V,AHF,Arapahoe
FIMA,AHG,Vingt Cinq
KAHH,AHH,Amery
WAPA,AHI,Amahai
ZUHY,AHJ,Ngawa
SYAH,AHL,Aishalton
KS03,AHM,Ashland
KAHN,AHN,Athens
LIEA,AHO,Alghero
MHAH,AHS,Ahuas
GMTA,AHU,Al Hoceima
,AHY,Ambatolahy
LFHU,AHZ,"Huez, Isère"
KAIA,AIA,Alliance
,AIC,Bigatyelang Island
KAID,AID,Anderson
AYAO,AIE,Aiome
SNAX,AIF,Assis
FEFY,AIG,Yalinga
AYAK,AIH,Aiambak
HDAS,AII,Ali-Sabieh
KAIK,AIK,Aiken
MPAI,AIL,Isla Lorenzo Bello
,AIM,Ailuk Island
PAWI,AIN,Wainwright
KAIO,AIO,Atlantic
VIAX,AIP,Adampur
SSOU,AIR,Aripuanã
NGTR,AIS,Arorae Island
NCAI,AIT,Aitutaki
NCAT,AIU,Atiu Island
KAIV,AIV,Aliceville
FYAA,AIW,Ai-Ais
SNUI,AIY,Araçuaí
KAIZ,AIZ,Kaiser Lake Ozark
LFKJ,AJA,Ajaccio
OESK,AJF,Al-Jawf
LTCO,AJI,Ağrı
GQNJ,AJJ,Akjoujt
OIHR,AJK,Araak
VELP,AJL,Aizawl
FMCV,AJN,Ouani
ESNX,AJR,Arvidsjaur
,AJS,Mulegé
SBAR,AJU,Aracaju
DRZA,AJY,Agadez
ZLAK,AKA,Ankang
PAAK,AKB,Atka
KAKR,AKC,Akron
VAAK,AKD,Akola
FOGA,AKE,Akieni
HLKF,AKF,Kufra
AYGU,AKG,Anguganak
OEPS,AKH,Al Kharj
PFAK,AKI,Akiak
RJEC,AKJ,Higashikagura
PAKH,AKK,Akhiok
NZAA,AKL,Auckland
,AKM,ZaKouma
PAKN,AKN,King Salmon
KAKO,AKO,Akron
PAKP,AKP,Anaktuvuk Pass
WILM,AKQ,Menggala
DNAK,AKR,Akure
AGGA,AKS,Auki
LCRA,AKT,Akrotiri
ZWAK,AKU,Aksu
CYKO,AKV,Akulivik
OIAG,AKW,Omidiyeh
UATT,AKX,Aktobe
VYSW,AKY,Sittwe
UAAA,ALA,Almaty
KALB,ALB,Albany
LEAL,ALC,Alicante
SPAR,ALD,Fortaleza
KE38,ALE,Alpine
ENAT,ALF,Alta
DAAG,ALG,Algiers
YABA,ALH,Albany
KALI,ALI,Alice
FAAB,ALJ,Alexander Bay
KALM,ALM,Alamogordo
KALN,ALN,Alton
KALO,ALO,Waterloo
OSAP,ALP,Aleppo
SSLT,ALQ,Alegrete
NZLX,ALR,Alexandra
KALS,ALS,Alamosa
SDWQ,ALT,Alenquer
HCMA,ALU,Alula
,ALV,Escaldes-Engordany
KALW,ALW,Walla Walla
KALX,ALX,Alexander City
,ALZ,Lazy Bay
KAMA,AMA,Amarillo
FMNE,AMB,Ambilobe Airport
FTTN,AMC,Am Timan
VAAH,AMD,Ahmedabad
,AME,Alto Molocue
AYAA,AMF,Ama Airport
HAAM,AMH,Arba Minch
SNAR,AMJ,Almenara
K00C,AMK,Durango
,AML,Puerto Armuelles
OJAI,AMM,Amman
KAMN,AMN,Alma
FTTU,AMO,Mao
FMSY,AMP,Ampanihy
WAPP,AMQ,Ambon
EHAM,AMS,Amsterdam
YAMT,AMT,Amata Airport
AYAM,AMU,Amanab
ULDD,AMV,Amderma
KAMW,AMW,Ames
YAMM,AMX,Ammaroo Airport
FMMB,AMY,Ambatomainty Airport
NZAR,AMZ,Manurewa
HKOM,ANA,Lolgorien
KANB,ANB,Anniston
PANC,ANC,Anchorage
KAND,AND,Anderson
LFJR,ANE,Angers
SCFA,ANF,Antofagasta
LFBU,ANG,Angoulême
PANI,ANI,Aniak
FCBZ,ANJ,Zanaga
LTAD,ANK,Ankara
,ANL,Andulo
FMNH,ANM,Antsirabe
PANT,ANN,Metlakatla
FQAG,ANO,Angoche
KANP,ANP,Annapolis
KANQ,ANQ,Angola
EBAW,ANR,Antwerp
SPHY,ANS,Andahuaylas
LOIC,ANT,Sankt Anton am Arlberg
TAPA,ANU,Osbourn
PANV,ANV,Anvik
KANW,ANW,Ainsworth
ENAN,ANX,Andenes
KANY,ANY,Anthony
YADN,ANZ,Angus Downs Station
,AOB,Annanberg Airport
EDAC,AOC,Nobitz
,AOD,Abou-Deïa
LTBY,AOE,Eskişehir
ZYAS,AOG,Anshan
KAOH,AOH,Lima
LIPY,AOI,Falconara Marittima
RJSA,AOJ,Aomori
LGKP,AOK,Karpathos Island
SARL,AOL,Paso de los Libres
,AOM,Adam
KAOO,AOO,Altoona
SPAS,AOP,Andoas
BGAG,AOQ,Aappilattoq
WMKA,AOR,Alor Satar
AK81,AOS,Amook Bay
LIMW,AOT,Saint-Christophe
VLAP,AOU,Attopeu
KAPA,APA,Denver
SLAP,APB,Apolo
KAPC,APC,Napa
WAWN,APD,Bone
KAPF,APF,Naples
KAPG,APG,Aberdeen
KAPH,APH,Bowling Green
SKAP,API,Apiay
ZUPL,APJ,Burang Town
NTGD,APK,Apataki
FQNP,APL,Nampula
KAPN,APN,Alpena
SKLC,APO,Carepa
,APP,Asapa Airport
SNAL,APQ,Arapiraca
AYPE,APR,April River
SWNS,APS,Anápolis
KAPT,APT,Jasper
SSAP,APU,Apucarana
KAPV,APV,Apple Valley
NSFA,APW,Apia
SSOG,APX,Arapongas
,APY,Alto Parnaíba
SAHZ,APZ,Zapala
SBAQ,AQA,Araraquara
MGQC,AQB,Santa Cruz del Quiché
AQBC,,Zucchelli Station
ZSAQ,AQG,Anqing
OEPA,AQI,Qaisumah
OJAQ,AQJ,Aqaba
SJOG,AQM,Ariquemes
SPQU,AQP,Arequipa
,AQY,Girdwood
KARA,ARA,New Iberia
KARB,ARB,Ann Arbor
PARC,ARC,Arctic Village
WATM,ARD,Kabola
TJAB,ARE,Arecibo
,ARF,Acaricuara
KARG,ARG,Walnut Ridge
ULAA,ARH,Archangelsk
SCAR,ARI,Arica
HTAR,ARK,Arusha
DFER,ARL,Arly
YARM,ARM,Armidale
ESSA,ARN,Stockholm
,ARO,Arboletes
,ARP,Aragip Airport
SKAT,ARQ,Arauquita
SAVR,ARR,Alto Rio Senguerr
SJVO,ARS,Aragarças
KART,ART,Watertown
SBAU,ARU,Araçatuba
KARV,ARV,Woodruff
LRAR,ARW,Arad
SBAC,ARX,Aracati
YARA,ARY,Ararat
FNZE,ARZ,N'zeto
HHSB,ASA,Assab
UTAA,ASB,Ashgabat
SLAS,ASC,Ascensión de Guarayos
MYAF,ASD,Andros Town
KASE,ASE,Aspen
URWA,ASF,Astrakhan
NZAS,ASG,Ashburton
KASH,ASH,Nashua
FHAW,ASI,Cat Hill
RJKA,ASJ,Amami
DIYO,ASK,Yamoussoukro
KASL,ASL,Marshall
HHAS,ASM,Asmara
KASN,ASN,Talladega
HASO,ASO,Asosa
YBAS,ASP,Alice Springs
KTMT,ASQ,Austin
LTAU,ASR,Kayseri
FAAR,ASS,Arathusa
KAST,AST,Astoria
SGAS,ASU,Asunción
HKAM,ASV,Ol Tukai
HESN,ASW,Aswan
KASX,ASX,Ashland
KASY,ASY,Ashley
,ASZ,Asirim Airport
AT03,,Concordia Station
AT28,,Vostok Station
SPHZ,ATA,Anta
HSAT,ATB,Atbara
MYCA,ATC,Arthur's Town
AGAT,ATD,Atoifi
,ATE,Antlers
SEAM,ATF,Ambato
OPMS,ATG,Kamra
LGAV,ATH,Spata-Artemida
SUAG,ATI,Artigas
FMME,ATJ,Antsirabe
PATQ,ATK,Atqasuk
KATL,ATL,Atlanta
SBHT,ATM,Altamira
AYNX,ATN,Namatanai
KUNI,ATO,Albany
AYAI,ATP,Aitape
VIAR,ATQ,Amritsar
GQPA,ATR,Atar
KATS,ATS,Artesia
,ATT,Atmautluak
PAAT,ATU,Attu
FTTI,ATV,Ati
KATW,ATW,Appleton
,ATX,Atbasar
KATY,ATY,Watertown
HEAT,ATZ,Asyut
TNCA,AUA,Oranjestad
SKUC,AUC,Arauca
YAGD,AUD,Augustus Downs Airport
,AUE,Ras Abu Rudeis
LFLA,AUF,Auxerre
KAUG,AUG,Augusta
OMAA,AUH,Abu Dhabi
AYND,AUI,Aua Island
AYAT,AUJ,Ambunti
PAUK,AUK,Alakanuk
,AUL,Aur Atoll
KAUM,AUM,Austin
KAUN,AUN,Auburn
KAUO,AUO,Auburn
AYAG,AUP,Agaun
NTMN,AUQ,Hiva Oa Island
LFLW,AUR,Aurillac
KAUS,AUS,Austin
WPAT,AUT,Vila
YAUR,AUU,Aurukun
AYUM,AUV,Aumo
KAUW,AUW,Wausau
SWGN,AUX,Araguaína
NVVA,AUY,Anatom Island
KARR,AUZ,Chicago
ZUAS,AVA,Anshun
LIPA,AVB,Aviano
YAUV,AVG,Auvergne Station
MUCA,AVI,Ciro Redondo
ZMAH,AVK,Arvaikheer
KAVL,AVL,Asheville
LFMV,AVN,Avignon
KAVO,AVO,Avon Park
KAVP,AVP,Wilkes-Barre
AGGJ,AVU,Avu Avu
YMAV,AVV,Geelong
KAVQ,AVW,Marana
KAVX,AVX,Avalon
HALA,AWA,Hawassa
AYAW,AWB,Awaba
NVVB,AWD,Aniwa
FOGW,AWE,Wonga Wongué Presidential Re
PWAK,AWK,Wake Island
KAWM,AWM,West Memphis
YADS,AWN,Alton Downs Airport
YAUS,AWP,Austral Downs Airport
,AWR,Awar
OIAW,AWZ,Ahvaz
TQPF,AXA,The Valley
89NY,AXB,Alexandria Bay
YAMC,AXC,Aramac Airport
LGAL,AXD,Alexandroupolis
SSXX,AXE,Xanxerê
ZBAL,AXF,Bayanhot
KAXA,AXG,Algona
RJDA,AXJ,Amakusa
OYAT,AXK,Ataq
YALX,AXL,Alexandria Homestead Airport
SKAR,AXM,Armenia
KAXN,AXN,Alexandria
WATP,AXO,Kabir
MYAP,AXP,Spring Point
NTGU,AXR,Arutua Airport
KAXS,AXS,Altus
RJSK,AXT,Akita
HAAX,AXU,Axum
KAXV,AXV,Wapakoneta
KAXX,AXX,Angel Fire
,AYA,Ayapel
,AYC,Ayacucho
YALD,AYD,Alroy Downs
SKYA,AYG,San Vicente Del Caguán
,AYI,Yari
VEAY,AYJ,Faizabad
UAUR,AYK,Arkalyk
YANL,AYL,Anthony Lagoon Airport
,AYM,Abu Dhabi
ZHAY,AYN,Anyang
SGAY,AYO,Ayolas
SPHO,AYP,Ayacucho
YAYE,AYQ,Yulara
YAYR,AYR,Ayr
KAYS,AYS,Waycross
LTAI,AYT,Antalya
AYAY,AYU,Aiyura Valley
WASA,AYW,Ayawasi
SPAY,AYX,Atalaya
,AYY,Pottuvil
KIWA,AZA,Mesa
,AZB,Amazon Bay Airport
OIYY,AZD,Yazd
MMAG,AZG,Apatzingán
VEAH,AZH,Azamgarh
OMAD,AZI,Abu Dhabi
ZSDL,AZJ,Zhenjiang
SWTU,AZL,Sapezal
UZFA,AZN,Andijan
KAZO,AZO,Kalamazoo
MMJC,AZP,Atizapán de Zaragoza
DAUA,AZR,Adrar
MDCY,AZS,Samana
,AZT,Zapatoca
FNAM,AZZ,Ambriz
AYBL,BAA,"Bialla, Matalilu, Ewase"
KBAB,BAB,Beale Air Force Base
,BAC,Barranca De Upia
KBAD,BAD,Bossier City
LFMR,BAE,"Saint-Pons, Alpes-de-Haute-P"
KBAF,BAF,Westfield
RPUB,BAG,Baguio
OBBI,BAH,Manama
MRBA,BAI,Punta Arenas
,BAJ,Unea Island
LTCJ,BAL,Batman
KBAM,BAM,Battle Mountain
FZVR,BAN,Basongo
SKBQ,BAQ,Barranquilla
ZJQH,BAR,Qionghai
AGGE,BAS,Ballalae
SNBA,BAT,Barretos
ZBOW,BAV,Baotou
UNBB,BAX,Barnaul
LRBM,BAY,Tăuții-Măgherăuș
SWBC,BAZ,Barcelos
SCBA,BBA,Balmaceda
KBBB,BBB,Benson
KBYY,BBC,Bay City
KBBD,BBD,Brady
NGTU,BBG,Butaritari
EDBH,BBH,Barth
VEBS,BBI,Bhubaneswar
EDRB,BBJ,Bitburg
FBKE,BBK,Kasane
YLLE,BBL,Ballera Airport
VDBG,BBM,Battambang
WBGZ,BBN,Bario
HCMI,BBO,Berbera
EGHJ,BBP,"Bembridge, Isle of Wight"
TAPB,BBQ,Codrington
TFFB,BBR,Basse-Terre
EGLK,BBS,"Camberley, Surrey"
FEFT,BBT,Berbérati
LRBS,BBU,Bucharest
DIGN,BBV,Grand-Béréby
KBBW,BBW,Broken Bow
KLOM,BBX,Philadelphia
FEFM,BBY,Bambari
FLZB,BBZ,Zambezi
MUBA,BCA,Baracoa
KBCB,BCB,Blacksburg
,BCC,Bear Creek
RPVB,BCD,Bacolod City
KBCE,BCE,Bryce Canyon
FEGU,BCF,Bouca
SYBE,BCG,Kumaka
WPEC,BCH,Baucau
YBAR,BCI,Barcaldine
ZUBC,BCJ,Mianyang
YBWR,BCK,Bolwarra Airport
MRBC,BCL,Pococi
LRBC,BCM,Bacău
LEBL,BCN,Barcelona
HABC,BCO,Jinka
AYBC,BCP,Bambu
,BCQ,Brak
SWNK,BCR,Boca do Acre
65LA,BCS,Belle Chasse
KBCT,BCT,Boca Raton
DNBC,BCU,Bauchi
MZBP,BCV,Belmopan
,BCW,Benguera Island
UWUB,BCX,Beloretsk
,BCZ,Bickerton Island
TXKF,BDA,Hamilton
YBUD,BDB,Bundaberg
SNBC,BDC,Barra do Corda
YBAU,BDD,Badu Island
KBDE,BDE,Baudette
3IS8,BDF,Bradford
KBDG,BDG,Blanding
OIBL,BDH,Bandar Lengeh
FSSB,BDI,Bird Island
WAOO,BDJ,Banjarbaru
DIBU,BDK,Bondoukou
KBDL,BDL,Hartford
LTBG,BDM,Bandırma
OPTH,BDN,Badin
WICC,BDO,Bandung
VNCG,BDP,Bhadrapur
VABO,BDQ,Vadodara
KBDR,BDR,Bridgeport
LIBR,BDS,Brindisi
FZFD,BDT,Gbadolite
ENDU,BDU,Målselv
FZRB,BDV,Moba
YBDF,BDW,Bedford Downs Airport
K00F,BDX,Broadus
,BDY,Bandon
AYBG,BDZ,Baindoung Airport
EGPL,BEB,Balivanich
KBEC,BEC,Wichita
KBED,BED,Bedford
YBGB,BEE,Dampier Peninsula
MNBL,BEF,Bluefields
LYBE,BEG,Belgrade
KBEH,BEH,Benton Harbor
HABE,BEI,Beica
WAQT,BEJ,Tanjung Redeb - Borneo Islan
VIBY,BEK,Bareilly
SBBE,BEL,Belém
GMMD,BEM,Oulad Yaich
HLLB,BEN,Benina
YLMQ,BEO,City of Lake Macquarie
VOBI,BEP,Bellary
EGXH,BEQ,"Bury Saint Edmunds, Suffolk"
EDDB,BER,Berlin
LFRB,BES,Brest
PABE,BET,Bethel
YBIE,BEU,Bedourie
LLBS,BEV,Beersheba
FQBR,BEW,Beira
EGUB,BEX,"Wallingford, Oxfordshire"
OLBA,BEY,Beirut
NGBR,BEZ,Beru
SGBN,BFA,Bahía Negra
YBMD,BFC,Bloomfield River Airport
KBFD,BFD,Bradford
EDLI,BFE,Bielefeld
KBFF,BFF,Scottsbluff
KU07,BFG,Bullfrog
SBBI,BFH,Curitiba
KBFI,BFI,Seattle
ZUBJ,BFJ,Bijie
KBKF,BFK,Aurora
KBFL,BFL,Bakersfield
KBFM,BFM,Mobile
FABL,BFN,Bloemfontein
FVCZ,BFO,Chiredzi
KBVI,BFP,Beaver Falls
MPPI,BFQ,Puerto Piña
KBFR,BFR,Bedford
EGAA,BFS,Belfast
KARW,BFT,Beaufort
ZSBB,BFU,Bengbu
VTUO,BFV,Buriram
DAOS,BFW,Sidi Bel Abbès
FKKU,BFX,Bafoussam
ZSBA,BFY,Bengbu
SKBG,BGA,Bucaramanga
FOGB,BGB,Booue
LPBG,BGC,Bragança
KBGD,BGD,Borger
KBGE,BGE,Bainbridge
FEFF,BGF,Bangui
LTCU,BGG,Bingöl
GQNE,BGH,Boghe
TBPB,BGI,Bridgetown
BIBF,BGJ,Borgarfjörður eystri
MZBG,BGK,Big Creek
VNBL,BGL,Baglung
KBGM,BGM,Binghamton
UESG,BGN,Belaya Gora
ENBR,BGO,Bergen
PAGQ,BGQ,Big Lake
KBGR,BGR,Bangor
UNKB,BGS,Boguchany
KE51,BGT,Bagdad
FEFG,BGU,Bangassou
SSBG,BGV,Bento Gonçalves
ORBI,BGW,Baghdad
SBBG,BGX,Bagé
LIME,BGY,Orio al Serio
SESV,BHA,Bahía de Caraquez
KBHB,BHB,Bar Harbor
,BHC,Bhurban
EGAC,BHD,Belfast
NZWB,BHE,Blenheim
SKCP,BHF,Bahía Solano
MHBL,BHG,Brus Laguna
OEBH,BHH,Bisha
SAZB,BHI,Bahía Blanca
VABJ,BHJ,Bhuj
UZSB,BHK,Bukhara
,BHL,Ensenada
KBHM,BHM,Birmingham
OYBN,BHN,Beihan
VABP,BHO,Bhopal
VNBJ,BHP,Bhojpur
YBHI,BHQ,Broken Hill
VNBP,BHR,Bharatpur
YBTH,BHS,Bathurst
YBTD,BHT,Brighton Downs
VABV,BHU,Bhavnagar
OPBW,BHV,Bahawalpur
OPBG,BHW,Bhagatanwala
EGBB,BHX,"Birmingham, West Midlands"
ZGBH,BHY,Beihai
LFKB,BIA,Bastia
HCMB,BIB,Baidoa
LFEA,BIC,Bangor
KBID,BID,Block Island
KBIE,BIE,Beatrice
KBIF,BIF,Fort Bliss
PABI,BIG,Delta Junction Ft Greely
KBIH,BIH,Bishop
,BII,Bikini Atoll
,BIJ,Biliau Airport
WABB,BIK,Biak
KBIL,BIL,Billings
MYBS,BIM,South Bimini
OABN,BIN,Bamyan
LEBB,BIO,Bilbao
YBWM,BIP,Bulimba Airport
LFBZ,BIQ,Biarritz
VNVT,BIR,Biratnagar
KBIS,BIS,Bismarck
VNBT,BIT,Baitadi
BIBD,BIU,Bildudalur
FEFR,BIV,Bria
YBIL,BIW,Billiluna Airport
KBIX,BIX,Biloxi
FABE,BIY,Bisho
,BIZ,Bimin
DAAE,BJA,Béjaïa
OIMN,BJB,Bojnord
KBJC,BJC,Denver
,BJE,Baleela Base Camp
ENBS,BJF,Båtsfjord
VNBG,BJH,Bajhang
KBJI,BJI,Bemidji
KBJJ,BJJ,Wooster
WAPK,BJK,Maikoor Island
GBYD,BJL,Banjul
HBBA,BJM,Bujumbura
SLBJ,BJO,Bermejo
SBBP,BJP,Bragança Paulista
,BJQ,Bahja
HABD,BJR,Bahir Dar
,BJT,Bentota
VNBR,BJU,Bajura
LTFE,BJV,Bodrum
WATB,BJW,"Soa, Ngada"
MMLO,BJX,Silao
LYBT,BJY,Zemun
LEBZ,BJZ,Badajoz
UNIB,BKA,Baykit
VIBK,BKB,Bikaner
PABL,BKC,Buckland
KBKD,BKD,Breckenridge
KBKE,BKE,Baker City
,BKF,Katmai National Park
KBBG,BKG,Branson
PHBK,BKH,Kekaha
WBKK,BKI,Kota Kinabalu
GUOK,BKJ,Boké
VTBS,BKK,Bangkok
KBKL,BKL,Cleveland
WBGQ,BKM,Bakalalan
UTAN,BKN,Balkanabat
GABS,BKO,Bamako
YBAW,BKP,Barkly Downs Airport
YBCK,BKQ,Blackall
FTTK,BKR,Bokoro
WIGG,BKS,Bengkulu
KBKT,BKT,Blackstone
FMSV,BKU,Betioky
,BKV,Bailingmiao
KBKW,BKW,Beaver
KBKX,BKX,Brookings
FZMA,BKY,Kamakombe
HTBU,BKZ,Bukoba
SVBC,BLA,Barcelona
MPPA,BLB,Panamá City
FKKG,BLC,Bali
KBVU,BLD,Boulder City
ESSD,BLE,Borlange
KBLF,BLF,Bluefield
WBGC,BLG,Belaga
KBLH,BLH,Blythe
KBLI,BLI,Bellingham
DABT,BLJ,Batna
EGNH,BLK,Blackpool
EKBI,BLL,Billund
KBLM,BLM,Belmar
YBLA,BLN,Benalla
BIBL,BLO,Blönduós
,BLP,Bellavista
LIPE,BLQ,Bologna
VOBL,BLR,Bengaluru
YBLL,BLS,Bollon Airport
YBTR,BLT,Blackwater Airport
KBLU,BLU,Emigrant Gap
KBLV,BLV,Belleville
HCMN,BLW,Beledweyne
LIDB,BLX,Belluno
EIBT,BLY,Belmullet
FWCL,BLZ,Blantyre
ESSB,BMA,Stockholm
FZFU,BMB,Bumba
KBMC,BMC,Brigham City
FMML,BMD,Belo sur Tsiribihina
YBRM,BME,Broome
FEGM,BMF,Bakouma
KBMG,BMG,Bloomington
AYBO,BMH,Bomai
KBMI,BMI,Bloomington
SYBR,BMJ,Baramita
EDWR,BMK,Borkum
KBML,BML,Berlin
FOOB,BMM,Bitam
ORBB,BMN,Bamarni
VYBM,BMO,Banmaw
YBPI,BMP,Brampton Island Airport
HKBM,BMQ,Bamburi
EDWZ,BMR,Baltrum
SSXH,BMS,Brumado
KBMT,BMT,Beaumont
WADB,BMU,Bima
VVBM,BMV,Buon Ma Thuot
DATM,BMW,Bordj Badji Mokhtar
PABM,BMX,Big Mountain
NWWC,BMY,Waala
AYBF,BMZ,Bamu
KBNA,BNA,Nashville
FZGN,BNB,Boende
FZNP,BNC,Beni
OIKB,BND,Bandar Abbas
YBBN,BNE,Brisbane
,BNF,Baranof
KBNG,BNG,Banning
MA87,BNH,Boston
DNBE,BNI,Benin
YBNA,BNK,Ballina
KBNL,BNL,Barnwell
AYBD,BNM,Bodinumu
ENBN,BNN,Brønnøy
KBNO,BNO,Burns
OPBN,BNP,Bannu
DFOB,BNR,Banfora
SVBI,BNS,Barinas
AYDI,BNT,Bundi
SSBL,BNU,Blumenau
,BNV,Boana
KBNW,BNW,Boone
LQBK,BNX,Mahovljani
AGGB,BNY,Anua
FZAJ,BOA,Boma
NTTB,BOB,Motu Mute
MPBO,BOC,Isla Colón
LFBD,BOD,Bordeaux
FCOB,BOE,Boundji
SKBO,BOG,Bogota
EGHH,BOH,Bournemouth
KBOI,BOI,Boise
LBBG,BOJ,Burgas
KBOK,BOK,Brookings
VABB,BOM,Mumbai
TNCB,BON,Kralendijk
ENBO,BOO,Bodø
FEFO,BOP,Bouar
VLBK,BOR,Ton Phueng
KBOS,BOS,Boston
AYET,BOT,Bosset
LFLD,BOU,Bourges
,BOV,Boang Island
KBOW,BOW,Bartow
YBRL,BOX,Borroloola Airport
DFOO,BOY,Bobo Dioulasso
FEGZ,BOZ,Bozoum
RPVW,BPA,Borongan City
FKKV,BPC,Bamenda
AYBP,BPD,Bapi
ZBDH,BPE,Qinhuangdao
AGBT,BPF,Batuna Mission Station
SBBW,BPG,Barra do Garças
RPMF,BPH,Bislig
KBPI,BPI,Big Piney
AYBQ,BPK,Biangabip
ZWBL,BPL,Bole
VOHY,BPM,Hyderabad
WALL,BPN,Balikpapan
SBPS,BPS,Porto Seguro
KBPT,BPT,Beaumont
ZUBD,BPX,Bangda
FMNQ,BPY,Besalampy
RPUR,BQA,Baler
YBLN,BQB,Busselton
GGBU,BQE,Bubaque
UHNB,BQG,Bogorodskoye
EGKB,BQH,London
FYBG,BQI,Bagani
UEBB,BQJ,Batagay
KBQK,BQK,Brunswick
YBOU,BQL,Boulia Airport
TJBQ,BQN,Aguadilla
DIBN,BQO,Bouna
SNBX,BQQ,Barra
WAFQ,BQR,Kendek
UHBB,BQS,Blagoveschensk
UMBB,BQT,Brest
TVSB,BQU,Bequia
,BQV,Gustavus
YBGO,BQW,Balgo
SNBR,BRA,Barreiras
SSRS,BRB,Barreirinhas
SAZS,BRC,San Carlos de Bariloche
KBRD,BRD,Brainerd
EDDW,BRE,Bremen
WAMO,BRG,Balirangen
,BRH,Brahman Mission
LIBD,BRI,Bari
YBKE,BRK,Bourke Airport
KBRL,BRL,Burlington
SVBM,BRM,Barquisimeto
LSZB,BRN,Bern
KBRO,BRO,Brownsville
AYBR,BRP,Biaru
LKTB,BRQ,Brno
EGPR,BRR,Eoligarry
EGGD,BRS,Bristol
YBTI,BRT,Wurrumiyanga
EBBR,BRU,Zaventem
PABR,BRW,Utqiaġvik
MDBH,BRX,Barahona
KBRY,BRY,Bardstown
HCMF,BSA,Bosaso
SBBR,BSB,Brasília
SKBS,BSC,Bahía Solano
ZPBS,BSD,Baoshan
WBGN,BSE,Sematan
PHSF,BSF,Waimea
FGBT,BSG,Bata
RPLE,BSI,Balesin
YBNS,BSJ,Bairnsdale
DAUB,BSK,Biskra
LFSB,BSL,Bâle
OINJ,BSM,Amol
FEFS,BSN,Bossangoa
RPUO,BSO,Basco
AYBH,BSP,Bensbach
,BSQ,Bisbee
ORMM,BSR,Basra
SNBS,BSS,Balsas
OABT,BST,Lashkar Gah
FZEN,BSU,Basankusu
,BSV,Besakoa
AK97,BSW,Boswell Bay
VYPN,BSX,Pathein
HCMD,BSY,Baardheere
UCFM,BSZ,Bishkek
FKKO,BTA,Bertoua
FCOT,BTB,Betou
VCCB,BTC,Batticaloa
YBRU,BTD,Brunette Downs Airport
KBTF,BTF,Bountiful
FEGF,BTG,Batangafo
WIDD,BTH,Batam
PABA,BTI,Barter Island
WITT,BTJ,Banda Aceh
UIBB,BTK,Bratsk
KBTL,BTL,Battle Creek
KBTM,BTM,Butte
KBBP,BTN,Bennettsville
SMBO,BTO,Botopasi
KBTP,BTP,Butler
HRYI,BTQ,Butare
KBTR,BTR,Baton Rouge
LZIB,BTS,Bratislava
PABT,BTT,Bettles
WBGB,BTU,Bintulu
KBTV,BTV,Burlington
WAOC,BTW,Batu Licin
YBEO,BTX,Betoota Airport
KBTY,BTY,Beatty
VTSY,BTZ,Betong
AYBK,BUA,Buka Island
KBUB,BUB,Burwell
YBKT,BUC,Burketown Airport
LHBP,BUD,Budapest
KBUF,BUF,Buffalo
FNBG,BUG,Benguela
WAVB,BUI,Bokondini
DAAD,BUJ,Ouled Sidi Brahim
OYBQ,BUK,Al-Bough
AYBU,BUL,Bulolo
KBUM,BUM,Butler
SKBU,BUN,Buenaventura
HCMV,BUO,Burao
VIBT,BUP,Bhatinda Air Force Station
FVJN,BUQ,Bulawayo
KBUR,BUR,Burbank
UGSB,BUS,Batumi
VQBT,BUT,Jakar
WIJB,BUU,Muara Bungo
SUBU,BUV,Bella Union
WAWB,BUW,Bau Bau
FZKA,BUX,Bunia
YBUN,BUY,Bunbury Airport
OIBB,BUZ,Bushehr
LFOB,BVA,Beauvais
SBBV,BVB,Boa Vista
GVBA,BVC,Rabil
LFSL,BVE,Brive
ENBV,BVG,Berlevåg
SBVH,BVH,Vilhena
YBDV,BVI,Birdsville Airport
USDB,BVJ,Bovanenkovo
SLHJ,BVK,Itenes
SLBA,BVL,Baures
SD6P,BVM,Belmonte
KBVO,BVO,Bartlesville
SNVS,BVS,Breves
PABG,BVU,Beluga
UHSB,BVV,Kurilsk
YBTV,BVW,Batavia Downs Airport
KBVX,BVX,Batesville
KBVY,BVY,Beverly
YBYS,BVZ,Wunaamin Miliwundi Ranges
VNBW,BWA,Siddharthanagar
YBWX,BWB,Barrow Island Airport
KBWC,BWC,Brawley
KBWD,BWD,Brownwood
EDVE,BWE,Braunschweig
EGNL,BWF,Barrow-in-Furness
KBWG,BWG,Bowling Green
WMKB,BWH,Butterworth
KBWI,BWI,Baltimore
,BWJ,Bawan Airport
LDSB,BWK,Gornji Humac
KBKN,BWL,Blackwell
KBWW,BWM,Bowman
WBSB,BWN,Bandar Seri Begawan
UWSB,BWO,Balakovo
AYBI,BWP,Bewani
YBRW,BWQ,Brewarrina Airport
YWYY,BWT,Burnie
YSBK,BWU,Sydney
MUBR,BWW,Cayo Santa Maria
WADY,BWX,"Rogojampi, Banyuwangi"
KBXA,BXA,Bogalusa
WASO,BXB,Babo
WAKE,BXD,Bade
GOTB,BXE,Bakel
YBEB,BXF,Pumululu National Park
YBDG,BXG,Bendigo Airport
UAAH,BXH,Balkhash
DIBI,BXI,Boundiali
UAAR,BXJ,Boralday
KBXK,BXK,Buckeye
,BXL,Nanuya Lailai Island
WABM,BXM,Batom
LTBV,BXN,Bodrum
LSZC,BXO,Buochs
OIKM,BXR,Bam
,BXS,Borrego Springs
WALC,BXT,Bontang-Borneo Island
RPME,BXU,Butuan
BIBV,BXV,Breiðdalsvík
WARW,BXW,Bawean
,BXX,Borama
UAOL,BXY,Baikonur
AYNS,BXZ,Bunsil - Umboi Island
,BYA,Boundary
,BYB,Dibba al Baya
SLYA,BYC,Yacuíba
OYBD,BYD,Al-Bayda
LFAQ,BYF,Albert
KBYG,BYG,Buffalo
KBYH,BYH,Blytheville
KBYI,BYI,Burley
LPBJ,BYJ,Beja
DIBK,BYK,Bouaké
,BYL,Beliyela
MUBY,BYM,Bayamo
ZMBH,BYN,Bayankhongor
SBDB,BYO,Bonito
YBRY,BYP,Barimunya Airport
EKLS,BYR,Læsø
KBYS,BYS,Fort Irwin
EIBN,BYT,Bantry
EDQD,BYU,Bindlach
,BYV,Colombo
38WA,BYW,Blakely Island
YBNI,BYX,Baniyala
MNBZ,BZA,Bonanza
,BZB,Bazaruto Island
SSBZ,BZC,Cabo Frio
YBRN,BZD,Balranald Airport
MZBZ,BZE,Belize City
,BZF,Redding
EPBY,BZG,Bydgoszcz
FVBM,BZH,Bumi
LTBF,BZI,Balıkesir
ZSBO,BZJ,Bozhou
UUBP,BZK,Bryansk
VGBR,BZL,Barisal
,BZM,Bemolanga
KBZN,BZN,Bozeman
LIPB,BZO,Bolzano
YBIZ,BZP,Lakefield National Park
LFMU,BZR,Béziers
2TE0,BZT,Brazoria
FZKJ,BZU,Buta
FCBB,BZV,Brazzaville
ZUBZ,BZX,Bazhong
LUBL,BZY,Bălți
EGVN,BZZ,"Carterton, Oxfordshire"
MHGE,CAA,El Aguacate
FNCA,CAB,Cabinda
SBCA,CAC,Cascavel
KCAD,CAD,Cadillac
KCAE,CAE,Columbia
SWCA,CAF,Carauari
LIEE,CAG,Cagliari
VVCM,CAH,Ca Mau City
HECA,CAI,Cairo
SVCN,CAJ,Canaima
KCAK,CAK,Akron
EGEC,CAL,Campbeltown
SLCA,CAM,Camiri
ZGGG,CAN,Guangzhou
KCAO,CAO,Clayton
MTCH,CAP,Cap Haitien
SKCU,CAQ,Caucasia
KCAR,CAR,Caribou
LPCS,CAT,Cascais
SNRU,CAU,Caruaru
FNCZ,CAV,Cazombo
SBCP,CAW,Campos dos Goytacazes
EGNC,CAX,"Carlisle, Cumbria"
SOCA,CAY,Matoury
YCBA,CAZ,Cobar Airport
CAB7,CBA,West Kelowna
SLCB,CBB,Cochabamba
,CBC,Cherrabun Airport
VOCX,CBD,IAF Camp
KCBE,CBE,Wiley Ford
KCBF,CBF,Council Bluffs
EGSC,CBG,"Cambridge, Cambridgeshire"
DAOR,CBH,Béchar
YCBN,CBI,Cape Barren Island
MDCR,CBJ,Cabo Rojo
KCBK,CBK,Colby
SVCB,CBL,Ciudad Bolivar
KCBM,CBM,Columbus
WICD,CBN,Cirebon-Java Island
RPMC,CBO,Datu Odin Sinsuat
DNCA,CBQ,Calabar
YSCB,CBR,Canberra
SVON,CBS,Cabimas
FNCT,CBT,Catumbela
MGCB,CBV,Coban
SSKM,CBW,Campo Mourão
YCDO,CBX,Condobolin Airport
YCBE,CBY,Canobie
,CBZ,Binzhou
SLHI,CCA,Chimore
KCCB,CCB,Upland
MUCC,CCC,Cayo Coco
84CL,CCD,Los Angeles
HECP,CCE,New Cairo
LFMK,CCF,Carcassonne
,CCG,Crane
SCCC,CCH,Chile Chico
SSCK,CCI,Concórdia
VOCL,CCJ,Calicut
YPCC,CCK,West Island
YCCA,CCL,Chinchilla
SSIM,CCM,Criciúma
OACC,CCN,Chaghcharan
SKCI,CCO,Puerto López
SCIE,CCP,Concepcion
KCCR,CCR,Concord
SVMI,CCS,Maiquetía
VECC,CCU,Kolkata
NVSF,CCV,Craig Cove
YCWL,CCW,Cowell Airport
SWKC,CCX,Cáceres
KCCY,CCY,Charles City
MYBC,CCZ,Chub Cay
YCOO,CDA,Cooinda Airport
PACD,CDB,Cold Bay
KCDC,CDC,Cedar City
MHCU,CDD,Cauquira
ZBCD,CDE,Chengde
LFPG,CDG,Paris
KCDH,CDH,Camden
SNKI,CDI,Cachoeiro do Itapemirim
SBAA,CDJ,Conceição do Araguaia
KCDK,CDK,Cedar Key
AK75,CDL,Candle
KCDN,CDN,Camden
FACD,CDO,Cradock
VOCP,CDP,Kadapa
YCRY,CDQ,Croydon Airport
KCDR,CDR,Chadron
KCDS,CDS,Childress
LECH,CDT,Castellón de la Plana
YSCN,CDU,Cobbitty
PACV,CDV,Cordova
KCDW,CDW,Caldwell
RPMU,CDY,Mapun
KCEA,CEA,Wichita
RPVM,CEB,Cebu City
KCEC,CEC,Crescent City
YCDU,CED,Ceduna Airport
ULWC,CEE,Cherepovets
KCEF,CEF,Chicopee
EGNR,CEG,Broughton
FWCD,CEH,Chelinda Airfield
VTCT,CEI,Chiang Rai
USCC,CEK,Chelyabinsk
SSCN,CEL,Canela
PACE,CEM,Central
MMCN,CEN,Ciudad Obregón
FNWK,CEO,Waco Kungo
SLCP,CEP,Concepción
LFMD,CEQ,Cannes
LFRC,CER,Cherbourg
YCNK,CES,Cessnock Airport
LFOU,CET,Cholet
KCEU,CEU,Clemson
KCEV,CEV,Connersville
KCEW,CEW,Crestview
AK13,CEX,Chena Hot Springs
KCEY,CEY,Murray
KCEZ,CEZ,Cortez
SBCB,CFB,Cabo Frio
SBCD,CFC,Caçador
KCFD,CFD,Bryan
LFLC,CFE,Clermont-Ferrand
FNCF,CFF,Cafunfo
MUCF,CFG,Cienfuegos
YCFH,CFH,Clifton Hills
YCFD,CFI,Camfield Airport
DAOI,CFK,Chlef
CET2,CFM,Conklin
EIDL,CFN,Donegal
SJHG,CFO,Confresa
YCPN,CFP,Carpentaria Downs
CAJ3,CFQ,Creston
LFRK,CFR,Caen
YCFS,CFS,Coffs Harbour
KCFT,CFT,Clifton
LGKR,CFU,Kerkyra
KCFV,CFV,Coffeyville
,CGA,Craig
SBCY,CGB,Cuiabá
AYCG,CGC,Cape Gloucester
ZGCD,CGD,Changde
KCGE,CGE,Cambridge
KCGF,CGF,Cleveland
,CGG,Casiguran
SBSP,CGH,São Paulo
KCGI,CGI,Cape Girardeau
FLKE,CGJ,Chingola
WIII,CGK,Jakarta
SPGL,CGL,Chagual Airport
RPMH,CGM,Mambajao
EDDK,CGN,Köln
ZHCC,CGO,Zhengzhou
VGEG,CGP,Chattogram
ZYCC,CGQ,Changchun
SBCG,CGR,Campo Grande
KCGS,CGS,College Park
YCAG,CGV,Caiguna Airport
FLCU,CGX,Chunga
RPMY,CGY,Laguindingan
KCGZ,CGZ,Casa Grande
KCHA,CHA,Chattanooga
OPCL,CHB,Chilas
NZCH,CHC,Christchurch
SNQU,CHD,Mucugê
EECL,CHE,Tallinn
RKPE,CHF,Jinhae
ZYCY,CHG,"Shuangta, Chaoyang"
SPPY,CHH,Chachapoyas
FVCH,CHJ,Chipinge
KCHK,CHK,Chickasha
KLLJ,CHL,Challis
SPEO,CHM,Chimbote
RKJU,CHN,Jeonju
KCHO,CHO,Charlottesville
,CHP,Circle Hot Springs
LGSA,CHQ,Souda
LFLX,CHR,Châteauroux
KCHS,CHS,Charleston
NZCI,CHT,Te One
PACH,CHU,Chuathbaluk
MPCH,CHX,Changuinola
AGGC,CHY,Choiseul Bay
K2S7,CHZ,Chiloquin
LIRA,CIA,Rome
KCIC,CIC,Chico
KCID,CID,Cedar Rapids
YCOI,CIE,Collie
ZBCF,CIF,Chifeng
KCAG,CIG,Craig
ZBCZ,CIH,Changzhi
LTBD,CII,Aydın
SLCO,CIJ,Cobija
PACI,CIK,Chalkyitsik
,CIL,Council
SKCM,CIM,Cimitarra
KCIN,CIN,Carroll
SGCO,CIO,Concepción
FLCP,CIP,Chipata
MGCQ,CIQ,Chiquimula
KCIR,CIR,Cairo
PCIS,CIS,Abariringa
UAII,CIT,Shymkent
KCIU,CIU,Kincheloe
TVSC,CIW,Canouan
SPHI,CIX,Chiclayo
LICB,CIY,Comiso
SWKO,CIZ,Coari
SPJR,CJA,Cajamarca
VOCB,CJB,Coimbatore
SCCF,CJC,Calama
,CJD,Candilejas
YCWA,CJF,Coondewanna
CAG3,CJH,Chilko Lake
RKTU,CJJ,Cheongju
OPCH,CJL,Chitral
VTSE,CJM,Chumphon
WICN,CJN,Cijulang
MMCS,CJS,Ciudad Juárez
MMCO,CJT,Comitán
RKPC,CJU,Jeju City
SJZA,CJZ,Cajazeiras
KCKA,CKA,Cherokee
KCKB,CKB,Bridgeport
UKKE,CKC,Cherkasy
PACJ,CKD,Crooked Creek
,CKE,Lakeport
ZUCK,CKG,Chongqing
UESO,CKH,Chokurdah
YCKI,CKI,Croker Island Airport
KCVK,CKK,Ash Flat
UUMU,CKL,Moscow
KCKM,CKM,Clarksdale
KCKN,CKN,Crookston
SSCP,CKO,Cornélio Procópio
,CKR,Crane Island
SBCJ,CKS,Parauapebas
OIMC,CKT,Sarakhs
,CKU,Cordova
KCKV,CKV,Clarksville
YCHK,CKW,Christmas Creek Mine
,CKX,Chicken
GUCY,CKY,Conakry
LTBH,CKZ,Çanakkale
VGCM,CLA,Comilla
KCRQ,CLD,Carlsbad
KCLE,CLE,Cleveland
KC80,CLG,Coalinga
YCAH,CLH,Coolah Airport
KCLI,CLI,Clintonville
LRCL,CLJ,Cluj-Napoca
KCLK,CLK,Clinton
KCLL,CLL,College Station
KCLM,CLM,Port Angeles
SBCI,CLN,Carolina
SKCL,CLO,Cali
PFCL,CLP,Clarks Point
MMIA,CLQ,Colima
KCLR,CLR,Calipatria
KCLS,CLS,Chehalis
KCLT,CLT,Charlotte
KBAK,CLU,Columbus
SBCN,CLV,Caldas Novas
KCLW,CLW,Clearwater
SATC,CLX,Clorinda
LFKC,CLY,Calvi
SVCL,CLZ,Guarico
YCMU,CMA,Cunnamulla Airport
VCBI,CMB,Colombo
SNWC,CMC,Camocim
YCTM,CMD,Cootamundra Airport
MMCE,CME,Ciudad del Carmen
LFLB,CMF,Chambéry
SBCR,CMG,Corumbá
KCMH,CMH,Columbus
KCMI,CMI,Savoy
RCCM,CMJ,Qimei
FWCM,CMK,Club Makokola
YCMW,CML,Camooweal Airport
MGCR,CMM,Carmelita
GMMN,CMN,Casablanca
HCMO,CMO,Hobyo
SD12,CMP,Santana do Araguaia
YCMT,CMQ,Clermont Airport
LFGA,CMR,Colmar
HCMS,CMS,Iskushuban
,CMT,Cametá
AYCH,CMU,Kundiawa
NZCX,CMV,Coromandel
MUCM,CMW,Camaguey
KCMX,CMX,Hancock
KCMY,CMY,Sparta
,CMZ,Caia
MMCA,CNA,Cananea
YCNM,CNB,Coonamble Airport
YCCT,CNC,Coconut Island Airport
CNC3,,Brampton-Caledon Airport
LRCK,CND,Constanța
K1V6,CNE,Penrose
SBCF,CNF,Belo Horizonte
LFBG,CNG,Cognac
KCNH,CNH,Claremont
ZYCH,CNI,Dalian
YCCY,CNJ,Cloncurry
KCNK,CNK,Concordia
EKSN,CNL,Sindal
KCNM,CNM,Carlsbad
VOKN,CNN,Kannur
KCNO,CNO,Chino
BGCO,CNP,Neerlerit Inaat
SARC,CNQ,Corrientes
SCRA,CNR,Chañaral
YBCS,CNS,Cairns
,CNT,Charata
KCNU,CNU,Chanute
SNED,CNV,Canavieiras
KCNW,CNW,Waco
VTCC,CNX,Chiang Mai
KCNY,CNY,Moab
,CNZ,Cangamba
,COA,Columbia
,COB,Coolibah
SAAC,COC,Concordia
KCOD,COD,Cody
KCOE,COE,Coeur d'Alene
KCOF,COF,Cocoa Beach
SKCD,COG,Condoto
VECO,COH,Cooch Behar
KCOI,COI,Merritt Island
YCBB,COJ,Coonabarabran Airport
VOCI,COK,Kochi
EGEL,COL,Coll Island
KCOM,COM,Coleman
KCON,CON,Concord
DBBB,COO,Cotonou
KK23,COP,Cooperstown
ZMCD,COQ,Choibalsan Airport
SACO,COR,Cordoba
KCOS,COS,Colorado Springs
KCOT,COT,Cotulla
KCOU,COU,Columbia
LTDB,COV,Tarsus
SCCQ,COW,Coquimbo
YCWY,COY,Coolawanyah Station
MDCZ,COZ,Costanza
GLCP,CPA,Harper
SKCA,CPB,Acandí
SAZY,CPC,Chapelco
YCBP,CPD,Coober Pedy
MMCP,CPE,Campeche
WARC,CPF,Blora
SA3R,CPG,Carmen de Patagones
EKCH,CPH,Copenhagen
,CPI,Cape Orford Airport
SKHA,CPL,Chaparral
KCPM,CPM,Compton
,CPN,Cape Rodney
SCAT,CPO,Copiapo
SCKP,CPP,Pica
KCPR,CPR,Casper
KCPS,CPS,Cahokia
FACT,CPT,Cape Town
,CPU,Cururupu
SBKG,CPV,Campina Grande
TJCP,CPX,Culebra
SWEK,CQA,Canarana
OIFS,CQD,Shahrekord
LFAC,CQF,Calais
LERL,CQM,Ciudad Real
YCFL,CQP,Cape Flattery Airport
SWCQ,CQS,Costa Marques
,CQT,Caquetania
ZUWL,CQW,Wulong
LRCV,CRA,Craiova
YCBR,CRB,Collarenebri Airport
SKGO,CRC,Cartago
SAVC,CRD,Comodoro Rivadavia
KCRE,CRE,North Myrtle Beach
FEFC,CRF,Carnot
KCRG,CRG,Jacksonville
YCHB,CRH,Cherrabah Homestead Resort
MYCI,CRI,Colonel Hill
,CRJ,Coorabie
RPLC,CRK,Mabalacat
EBCI,CRL,Charleroi
RPVF,CRM,Catarman
,CRO,Corcoran
KCRP,CRP,Corpus Christi
SSCV,CRQ,Caravelas
SANW,CRR,Ceres
KCRS,CRS,Corsicana
KCRT,CRT,Crossett
TGPZ,CRU,Carriacou Island
LIBC,CRV,Isola di Capo Rizzuto
KCRW,CRW,Charleston
KCRX,CRX,Corinth
,CRY,Carlton Hill
UTAV,CRZ,Türkmenabat
EGEY,CSA,Colonsay
LRCS,CSB,Caransebeş
MRMJ,CSC,Cañas
,CSD,Cresswell Downs
0CO2,CSE,Crested Butte
LFPC,CSF,Creil
KCSG,CSG,Columbus
ULAS,CSH,Solovetsky Islands
YCAS,CSI,Casino Airport
GOGS,CSK,Cap Skirring
KCSM,CSM,Clinton
KCXP,CSN,Carson City
EDBC,CSO,Hecklingen
KCSQ,CSQ,Creston
,CSR,Casuarito
SSCL,CSS,Cassilândia
NFCS,CST,Castaway Island
SSSC,CSU,Santa Cruz do Sul
KCSV,CSV,Crossville
MMSL,CSW,Cabo San Lucas
ZGHA,CSX,Changsha
UWKS,CSY,Cheboksary
SAZC,CSZ,Coronel Suarez
LICC,CTA,Catania
KCTB,CTB,Cut Bank
SANC,CTC,Catamarca
MPCE,CTD,Chitré
,CTE,Cartí Islands
MGCT,CTF,Coatepeque
SKCG,CTG,Cartagena
KMQS,CTH,Coatesville
FNCV,CTI,Cuito Cuanavale
K7G9,CTK,Canton
YBCV,CTL,Charleville
MMCM,CTM,Chetumal
YCKN,CTN,Cooktown Airport
3NY8,CTO,Calverton
,CTP,Carutapera
,CTQ,Santa Vitória do Palmar
YCAC,CTR,Cattle Creek Airport
RJCC,CTS,Sapporo
LFMQ,CTT,"Le Castellet, Var"
ZUUU,CTU,Chengdu
FNCO,CTV,Saurimo
KP52,CTW,Cottonwood
KN03,CTX,Cortland
KCTY,CTY,Cross City
KCTZ,CTZ,Clinton
MMDA,CUA,Comondú
KCUB,CUB,Columbia
SKCC,CUC,Cúcuta
YCDR,CUD,Caloundra
SECU,CUE,Cuenca
LIMZ,CUF,Levaldigi
YCUA,CUG,Cudal Airport
KCUH,CUH,Cushing
,CUI,Currillo
,CUJ,Culion
MZCK,CUK,Caye Caulker
MMCL,CUL,Culiacán
SVCU,CUM,Cumaná
MMUN,CUN,Cancún
SKCR,CUO,Carurú
SVCP,CUP,Carúpano
YCOE,CUQ,Coen
TNCC,CUR,Willemstad
0NM0,CUS,Columbus
SAZW,CUT,Cutral-Co
MMCU,CUU,Chihuahua
SVCG,CUV,Casigua El Cubo
YCUE,CUY,Cue Airport
SPZO,CUZ,Cusco
AYCB,CVB,Chungribu
YCEE,CVC,Cleve Airport
SKCV,CVE,Coveñas
LFLJ,CVF,Saint-Bon
KCVG,CVG,Cincinnati
SAHE,CVH,Lafontaine
,CVI,Caleta Olivia
MMCB,CVJ,Temixco
,CVL,Cape Vogel Airport
MMCV,CVM,Ciudad Victoria
KCVN,CVN,Clovis
KCVO,CVO,Corvallis
YCAR,CVQ,Carnarvon
KCVS,CVS,Clovis
LPCR,CVU,Corvo
KCWA,CWA,Mosinee
SBCT,CWB,Curitiba
UKLN,CWC,Chernivtsi
KCWF,CWF,Lake Charles
KCWI,CWI,Clinton
ZPCW,CWJ,Lincang
VECT,CWK,Chitrakoot
EGFF,CWL,Cardiff
YCWI,CWR,Cowarie Airport
78WA,CWS,Center Island
YCWR,CWT,Cowra Airport
YCOR,CWW,Corowa Airport
KP33,CWX,Willcox
SVCD,CXA,Caicara del Orinoco Airport
VGCB,CXB,Cox's Bazar
,CXC,Chitina
PACX,CXF,Coldfoot
CYHC,CXH,Vancouver
PLCH,CXI,Kiritimati
SBCX,CXJ,Caxias Do Sul
KCXL,CXL,Calexico
HCMC,CXN,Candala
KCXO,CXO,Houston
WAHL,CXP,Cilacap
YCRK,CXQ,Wangkat Jungka
VVCR,CXR,Nha Trang
YCHT,CXT,Charters Towers Airport
MYCC,CXY,North Cat Cay
MTCA,CYA,Les Cayes
CYAV,,Winnipeg
CYAX,,Lac du Bonnet
MWCB,CYB,West End
CYBU,,Nipawin
CYBW,,Calgary
MZCP,CYC,Caye Chapel
CYCP,,Blue River
MZMF,CYD,Maya Flats
CYEE,,Midland
PACK,CYF,Chefornak
CYFD,,Brantford
YCRG,CYG,Corryong Airport
CYGD,,Goderich
CYGE,,Golden
RCKU,CYI,Shuishang
MHCS,CYL,Coyoles
05AA,CYM,Chatham
CYNN,,Nejanilini Lake
MUCL,CYO,Cayo Largo del Sur
RPVC,CYP,Calbayog City
CYPK,,Pitt Meadows
SUCA,CYR,Colonia del Sacramento
CYRP,,Ottawa
KCYS,CYS,Cheyenne
CYSG,,Saint-Georges
PACY,CYT,Yakataga
RPLO,CYU,Cuyo
CYVD,,Virden
MMCY,CYW,Celaya
UESS,CYX,Cherskiy
RPUY,CYZ,Cauayan City
CYZY,,Mackenzie
MMCT,CZA,Tinúm
SSAK,CZB,Cruz Alta
,CZC,Copper Center
SVCR,CZE,Coro
PACZ,CZF,Cape Romanzof
MZCZ,CZH,Corozal
MPCJ,CZJ,Tupile
KCZK,CZK,Cascade Locks
DABC,CZL,Constantine
MMCZ,CZM,Cozumel
,CZN,Chisana
,CZO,Chistochina
,CZP,Cape Pole
UIAR,CZR,Chara
SBCZ,CZS,Cruzeiro Do Sul
KCZT,CZT,Carrizo Springs
SKCZ,CZU,Corozal
ZSCG,CZX,Changzhou
YUNY,CZY,Cluny Airport
KDAA,DAA,Fort Belvoir
DAAB,,Blida
DAAK,,Boufarik
DAAZ,,Relizane
KDAB,DAB,Daytona Beach
VGHS,DAC,Dhaka
VVDN,DAD,Da Nang
,DAF,Daup Airport
KDAG,DAG,Daggett
,DAH,Dathina
HEDK,DAK,Dakhla Oases
KDAL,DAL,Dallas
OSDI,DAM,Damascus
KDAN,DAN,Danville
,DAO,Dabo Airport
VNDL,DAP,Darchula
HTDA,DAR,Dar es Salaam
CFF4,DAS,Great Bear Lake
ZBDT,DAT,Datong
AYDU,DAU,Daru
MPDA,DAV,David
ZUDX,DAX,Dazhou
KDAY,DAY,Dayton
OADZ,DAZ,Darwaz
OPDB,DBA,Dalbandin
HEAL,DBB,El Alamein
ZYBA,DBC,Baicheng
VEDB,DBD,Dhanbad Airport
,DBK,Kalpitiya Island
HADM,DBM,Debre Markos
KDBN,DBN,Dublin
YSDU,DBO,Dubbo
AYDB,DBP,Debepare
KDBQ,DBQ,Dubuque
VEDH,DBR,Darbhanga
KU41,DBS,Dubois
HADT,DBT,Debre Tabor
,DBU,Dambulla
LDDU,DBV,Dubrovnik
YDAY,DBY,Dalby Airport
KDCA,DCA,Washington
TDCF,DCF,Canefield
LIED,DCI,Decimomannu
PODC,DCK,Dahl Creek
LFCK,DCM,Castres
YCIN,DCN,Derby
MYRD,DCT,Duncan Town
KDCU,DCU,Decatur
ZUDC,DCY,Garzê
KDDC,DDC,Dodge City
VRMU,DDD,Kudahuvadhoo
ZYDD,DDG,Dandong
YDDI,DDI,Whitsundays
,DDM,Dodoima Airport
YDLT,DDN,Delta Downs Airport
ZUDR,DDR,Xigazê
OP17,DDU,Dadu
OPDG,DEA,Dera Ghazi Khan
LHDC,DEB,Debrecen
KDEC,DEC,Decatur
VIDN,DED,Dehradun
UHSM,DEE,Yuzhno-Kurilsk
OIAD,DEF,Dezful
KDEH,DEH,Decorah
FSSD,DEI,Denis Island
ZUDJ,DEJ,Tongren
VIDP,DEL,New Delhi
HADD,DEM,Dembidollo
KDEN,DEN,Denver
VEDZ,DEP,Daporijo
,DEQ,Huzhou
AYDE,DER,Derim
FSDR,DES,Desroches Island
KDET,DET,Detroit
WAVD,DEX,Dekai
OSDZ,DEZ,Deir ez-Zor
,DFA,Shangluo
KDFI,DFI,Defiance
YDDF,DFP,Palmer
KDFW,DFW,Dallas-Fort Worth
MZPB,DGA,Dangriga
DGAH,,Ho
YDGA,DGD,Dalgaranga Gold Mine Airport
YMDG,DGE,Mudgee
CAL3,DGF,Douglas Lake
VEDO,DGH,Deoghar
KDGL,DGL,Douglas
,DGM,Colombo
KNDY,DGN,Dahlgren
MMDO,DGO,Durango
NZDA,DGR,Dargaville
RPVD,DGT,Dumaguete City
DFOD,DGU,Dedougou
KDGW,DGW,Douglas
OEDR,DHA,Dhahran
88WA,DHB,Deer Harbor
YDRH,DHD,Durham Downs Airport
OMAM,DHF,Al Dhafra Air Base
,DHG,Dalnegorsk
ZWLK,DHH,Barkol
VNDH,DHI,Dhangarhi
,DHL,Ad-Dali
VIGG,DHM,Kangra
KDHN,DHN,Dothan
EHKD,DHR,Den Helder
KDHT,DHT,Dalhart
WARD,DHX,Kediri
OTBD,DIA,Doha
VEMN,DIB,Dibrugarh
FMNA,DIE,Antisiranana
ZPDQ,DIG,Diqing
LFSD,DIJ,Dijon
KDIK,DIK,Dickinson
WPDL,DIL,Dili
DIDK,DIM,Dimbokro
VVDB,DIN,Dien Bien Phu
PPDM,DIO,Diomede
DFED,DIP,Diapaga
SNDV,DIQ,Divinópolis
HADR,DIR,Dire Dawa
FCPD,DIS,Dolisie
VADU,DIU,Diu
,DIW,Dickwella
LTCC,DIY,Diyarbakır
DBBD,DJA,Djougou
WIJJ,DJB,Jambi
DTTJ,DJE,Mellita
DAAJ,DJG,Djanet
WAJJ,DJJ,Sentani
FCBD,DJM,Djambala
,DJN,Delta Junction
DIDL,DJO,Daloa Airport
YDAJ,DJR,Dajarra Airport
BIDV,DJU,Djúpivogur
DNKT,DKA,Katsina
YDKI,DKI,Dunk Island
KDKK,DKK,Dunkirk
GOOY,DKR,Dakar
UODD,DKS,Dikson
YDVR,DKV,Kaltukatjara
FKKD,DLA,Douala
ZYTL,DLC,Dalian
LFGJ,DLE,Dole
KDLF,DLF,Del Rio
PADL,DLG,Dillingham
KDLH,DLH,Duluth
VVDL,DLI,Da Lat
YDLK,DLK,Dulkaninna
KDLC,DLL,Dillon
LTBS,DLM,Dalaman
KDLN,DLN,Dillon
UHHD,DLR,Dalnerechensk
KDLS,DLS,Dallesport
ZPDL,DLU,Dali
YDLV,DLV,Delissaville Airport
NVVD,DLY,Dillon's Bay
ZMDZ,DLZ,Dalanzadgad
KDMA,DMA,Tucson
UADD,DMB,Taraz
YDMG,DMD,Doomadgee Airport
UUDD,DME,Moscow
VTBD,DMK,Bangkok
OEDF,DMM,Ad Dammam
KDMN,DMN,Deming
KDMO,DMO,Sedalia
SWDM,DMT,Diamantino
VEMR,DMU,Dimapur
RODN,DNA,Okinawa
YDBR,DNB,Maramie
DNBK,,Birinin Kebbi
DNBY,,Yenagoa
EGPN,DND,Dundee
,DNF,Martuba
YDGN,DNG,Drysdale River
DNGU,,Gusau
ZLDH,DNH,Dunhuang
UKDD,DNK,Dnipro
KDNL,DNL,Augusta
KDNN,DNN,Dalton
SWDN,DNO,Dianópolis
VNDG,DNP,Dang
YDLQ,DNQ,Deniliquin
LFRD,DNR,Dinard
KDNS,DNS,Denison
AYDN,DNU,Dinangat
KDNV,DNV,Danville
HSGG,DNX,Dinder
LTAY,DNZ,Denizli
,DOA,Doany
WAPD,DOB,Dobo-Warmar Island
HTDO,DOD,Dodoma
SMDJ,DOE,Djumu-Djomoe
HSDN,DOG,Dongola
OTHH,DOH,Doha
AYDO,DOI,Castori Islets
LFRG,DOL,Deauville
TDPD,DOM,Marigot
MGDL,DON,Dos Lagunas
AYDR,DOO,Dorobisoro
VNDP,DOP,Dolpa
DFEE,DOR,Dori
SBDO,DOU,Dourados
KDOV,DOV,Dover
YDRA,DOX,Port Denison
ZSDY,DOY,Dongying
KDPA,DPA,Chicago
SCBI,DPB,Bahia Inutil
LFAB,DPE,Saint-Aubin-sur-Scie
KDPG,DPG,Dugway Proving Ground
RPMG,DPL,Dipolog
YDPO,DPO,Devonport
WADD,DPS,"Kuta, Badung"
UEBD,DPT,Deputatskiy
ZYDQ,DQA,Daqing
OODQ,DQM,Duqm
KDRA,DRA,Mercury
YDBY,DRB,Derby
,DRC,Dirico
YDOR,DRD,Dorunda Outstation
KDRM,DRE,Drummond Island
3AK5,DRF,Kenai
PADE,DRG,Deering
WAJC,DRH,Dabra
KDRI,DRI,DeRidder
SMDA,DRJ,Drietabbetje
MRDK,DRK,Puntarenas
YDBI,DRN,Dirranbandi Airport
KDRO,DRO,Durango
RPLK,DRP,Legazpi
YDRI,DRR,Durrie Airport
EDDC,DRS,Dresden
KDRT,DRT,Del Rio
,DRU,Drummond
VRMD,DRV,Baa Atoll
YPDN,DRW,Darwin
YDRD,DRY,Drysdale River
FKKS,DSC,Dschang
TFFA,DSD,Grande Anse
HADC,DSE,Dessie
,DSG,Dilasag
KDTS,DSI,Destin
OPDI,DSK,Dera Ismael Khan
KDSM,DSM,Des Moines
ZBDS,DSN,Ordos
ZKSD,DSO,Sŏndŏng-ni
GOBD,DSS,Dakar
,DST,Dubai Seaplane Terminal
KDSV,DSV,Dansville
RCLM,DSX,Kaohsiung
VDDS,DSY,Ta Noun
KDTA,DTA,Delta
WIMN,DTB,Siborong-Borong
WALJ,DTD,Datadawai-Borneo Island
RPUD,DTE,Daet
KL06,DTH,Death Valley
SNDT,DTI,Diamantina
KDTL,DTL,Detroit Lakes
EDLW,DTM,Dortmund
KDTN,DTN,Shreveport
WN07,DTR,Decatur
DTTB,,Borj Challouf
DTTD,,Remada
ZYDU,DTU,Heihe
KDTW,DTW,Detroit
KTKI,DTX,Dallas
KDUA,DUA,Durant
EIDW,DUB,Dublin
KDUC,DUC,Duncan
NZDN,DUD,Dunedin
FNDU,DUE,Chitato
7NC2,DUF,Corolla
KDUG,DUG,Douglas Bisbee
KDUJ,DUJ,Dubois
FADK,DUK,Mubatuba
WIBD,DUM,Dumai
CAM3,DUQ,Duncan
FALE,DUR,Durban
EDDL,DUS,Düsseldorf
PADU,DUT,Unalaska
,DVD,Andavadoaka
CDK2,DVK,Diavik
KDVL,DVL,Devils Lake
KDVN,DVN,Davenport
RPMD,DVO,Davao
YDPD,DVP,Davenport Downs Airport
YDMN,DVR,Nauiyu
KDVT,DVT,Phoenix
FWDW,DWA,Dwangwa
FMNO,DWB,Soalala
OMDW,DWC,Dubai
OEDM,DWD,Dawadmi
KDWH,DWH,Houston
,DWO,Sri Jayawardenepura Kotte
OADY,DWR,Reg
,DWS,Hulunbuir
OMDB,DXB,Dubai
YDIX,DXD,New Dixie
KMBO,DXE,Madison
ZGXX,DXJ,Xiangxi
VIND,DXN,Gautam Buddha Nagar
KDXR,DXR,Danbury
YDYS,DYA,Dysart Airport
ZGDY,DYG,Zhangjiajie
KDYL,DYL,Doylestown
,DYM,Diamantina Lakes
UHMA,DYR,Anadyr
KDYS,DYS,Abilene
UTDD,DYU,Dushanbe
YDLW,DYW,Daly Waters
FMCZ,DZA,Dzaoudzi
ZUDA,DZH,Dazhou
,DZI,Codazzi
UAKD,DZN,Zhezkazgan
SUDU,DZO,Durazno
ZUDZ,DZU,Dazu
PAEG,EAA,Eagle
OYBS,EAB,Abs
NVSE,EAE,Emae Island
,EAL,Mejato Island
OENG,EAM,Najran
KEAN,EAN,Wheatland
KEAR,EAR,Kearney
LESO,EAS,Hondarribia
KEAT,EAT,Wenatchee
KEAU,EAU,Eau Claire
SMEG,EAX,Kwatta
LIRJ,EBA,Campo nell'Elba
HUEN,EBB,Entebbe
EBBE,,Beauvechain
EBBL,,Kleine Brogel
EBCV,,Chièvres
HSOB,EBD,El-Obeid
EBFN,,Koksijde
EBFS,,Florennes
SKEB,EBG,El Bagre
DAOY,EBH,El Bayadh
EKEB,EBJ,Esbjerg
ORER,EBL,Arbil
DTTR,EBM,El Borma
,EBN,Ebadon Island
,EBO,Ebon Atoll
KEBS,EBS,Webster City
LFMH,EBU,"Andrézieux-Bouthéon, Loire"
FKKW,EBW,Ebolowa
K6D9,ECA,East Tawas
KECG,ECG,Elizabeth City
YECH,ECH,Echuca Airport
MNCE,ECI,Tola
LCEN,ECN,Tymbou
,ECO,El Encanto
KECP,ECP,Panama City Beach
SKEH,ECR,El Charco
KECS,ECS,Newcastle
,EDA,Edna Bay
HSDB,EDB,Al Dabbah
EDBR,,Rothenburg
YERL,EDD,Ghan
KEDE,EDE,Edenton
PAED,EDF,Anchorage
EDFE,,Egelsbach
EDFZ,,Mainz
EGPH,EDI,Edinburgh
KEQA,EDK,El Dorado
HKEL,EDL,Eldoret
LFRI,EDM,La Roche-sur-Yon
EDML,,Landshut
UHWE,EDN,Yedinka
LTFD,EDO,Edremit
MHGU,EDQ,Erandique
EDQA,,Bamberg
YPMP,EDR,Pormpuraaw
EDTD,,Donaueschingen
EDTM,,Mengen
EDTY,,Schwäbisch Hall
EDUZ,,Straguth
KEDW,EDW,Edwards
SNCP,EEA,Correia Pinto
KEED,EED,Needles
EEEI,,Keila
PAEE,EEK,Eek
KEEN,EEN,Keene
HEBR,EES,Berenice Troglodytica
KEFD,EFD,Houston
AYEF,EFG,Efogi
KEFK,EFK,Newport
LGKF,EFL,Kefallinia Island
EFPR,,Helsinki
KEFW,EFW,Jefferson
AYEN,EGA,Engati
LFBE,EGC,Bergerac
EGCM,,"Tadcaster, North Yorkshire"
EGDC,,Chivenor
EGDM,,"Salisbury, Wiltshire"
EGDR,,Helston
KEGE,EGE,Eagle
HEGR,EGH,El Jora
EGHL,,"Alton, Hampshire"
KEGI,EGI,Crestview
HANG,EGL,Negele Borana
AGGS,EGM,Sege
HSGN,EGN,Geneina
UUOB,EGO,Belgorod
EGOM,,Spadeadam
EGOS,,"Shrewsbury, Shropshire"
K5T9,EGP,Eagle Pass
BIEG,EGS,Egilsstaðir
EGSY,,"St Athan, Vale of Glamorgan"
EGTC,,"Cranfield, Central Bedfordsh"
EGUW,,"Ipswich, Suffolk"
KEGV,EGV,Eagle River
EGWC,,"Cosford, Shropshire"
PAII,EGX,Egegik
EGXE,,"Northallerton, North Yorkshi"
EGXT,,"Peterborough, Cambridgeshire"
EGXZ,,"Thirsk, North Yorkshire"
EGYD,,"Sleaford, Lincolnshire"
EGYE,,"Grantham, Lincolnshire"
EHBD,,Weert
EHDL,,Arnhem
SAVB,EHL,El Bolsón
PAEH,EHM,Cape Newenham
ZHEC,EHU,Ezhou
EDGE,EIB,Hörselberg-Hainich
UNII,EIE,Yeniseysk
YEIN,EIH,Einasleigh
URKE,EIK,Yeysk
PAEI,EIL,Fairbanks
EIME,,Baldonnel
EHEH,EIN,Eindhoven
TUPJ,EIS,Beef Island
EIWT,,Leixlip
LLEY,EIY,Sapir
SKEJ,EJA,Barrancabermeja
OEWJ,EJH,Al Wajh
ZBEN,EJN,Ejin Banner
,EJT,Enejit Island
KEKA,EKA,Eureka
UASB,EKB,Ekibastuz
YELK,EKD,Elkedra Airport
KEKM,EKI,Elkhart
KEKN,EKN,Elkins
KEKO,EKO,Elko
UHSK,EKS,Shakhtyorsk
ESSU,EKT,Eskilstuna
EKVD,,Kolding
KEKX,EKX,Elizabethtown
KELA,ELA,Eagle Lake
SKBC,ELB,El Banco
YELD,ELC,Elcho Island
KELD,ELD,El Dorado
MPRE,ELE,El Real de Santa María
HSFS,ELF,El Fasher
DAUE,ELG,El Menia
MYEH,ELH,North Eleuthera
PFEL,ELI,Elim
,ELJ,Ruperto Polania
KELK,ELK,Elk City
FAER,ELL,Ellisras
KELM,ELM,Elmira
KELN,ELN,Ellensburg
SATD,ELO,El Dorado
KELP,ELP,El Paso
OEGS,ELQ,Qassim
WAVE,ELR,Elelim
FAEL,ELS,East London
HETR,ELT,At Tur
DAUO,ELU,Guemar
PAEL,ELV,Elfin Cove
,ELW,Ellamar
,ELX,El Tigre
KELY,ELY,Ely
KELZ,ELZ,Wellsville
EGNX,EMA,"Nottingham, Leicestershire"
YEML,EMD,Emerald
EDWE,EME,Emden
FAEM,EMG,Empangeni
AYEE,EMI,Emirau Island
PAEM,EMK,Emmonak
LSME,EML,Emmen
KEMM,EMM,Kemmerer
GQNI,EMN,Néma
AYEO,EMO,Emo Mission
KEMP,EMP,Emporia
,EMR,El Mirador
AYEB,EMS,Embessa
KEMT,EMT,El Monte
SAVD,EMX,El Maitén
HEMN,EMY,El Minya
PAEN,ENA,Kenai
YEEB,ENB,Eneabba
LFSN,ENC,"Tomblaine, Meurthe-et-Mosell"
KEND,END,Enid
WATE,ENE,Ende
EFET,ENF,Enontekio
WIGE,ENG,Enggano
ZHES,ENH,Enshi
RPEN,ENI,El Nido
,ENJ,El Naranjo
EGAB,ENK,"Enniskillen, Fermanagh and O"
KENL,ENL,Centralia
PANN,ENN,Nenana
SGEN,ENO,Encarnación
ENRY,,Oslo
EHTW,ENS,Enschede
ENSN,,Geiteryggen
PKMA,ENT,Eniwetok Atoll
DNEN,ENU,Enegu
KENV,ENV,Wendover
KENW,ENW,Kenosha
ZLYA,ENY,Yan'an
SKMD,EOH,Medellín
EGED,EOI,Eday
KEOK,EOK,Keokuk
SVED,EOR,Bolivar
KEOS,EOS,Neosho
SVEZ,EOZ,Elorza Airport
SADP,EPA,El Palomar
EPCE,,Siemirowice
EPDE,,Dęblin
NE69,EPG,Weeping Water
KEPH,EPH,Ephrata
EPIR,,Inowroclaw Military Air Base
EPKS,,Poznań
LFSG,EPL,Épinal
EPLK,,Łask
EPLY,,Leźnica Wielka
EPMB,,Królewo
EPMI,,Mirosławiec
EPMM,,Minsk Mazowiecki Military Ai
EPPW,,Powidz
YESP,EPR,Esperance
EPSN,,Swidwin Military Air Base
AYEL,EPT,Eliptamin
EPTM,,Nowy Glinnik
EEPU,EPU,Pärnu
SAVE,EQS,Esquel
HCMU,ERA,Erigavo
YERN,ERB,Ernabella Airport
LTCD,ERC,Erzincan
UKDB,ERD,Berdyansk
AYEV,ERE,Erave
EDDE,ERF,Erfurt
UIKE,ERG,Erbogachen
GMFK,ERH,Errachidia
KERI,ERI,Erie
ZBER,ERL,Erenhot
SSER,ERM,Erechim
SWEI,ERN,Eirunepé
YESE,ERQ,Elrose Mine
KERR,ERR,Errol
FYWE,ERS,Windhoek
,ERT,Erdenet
AYER,ERU,Erume
KERV,ERV,Kerrville
LTCE,ERZ,Erzurum
,ESA,Esa'ala
LTAC,ESB,Ankara
KESC,ESC,Escanaba
ESCF,,Linköping
KORS,ESD,Eastsound
MMES,ESE,Ensenada
KESF,ESF,Alexandria
ESFR,,Råda
SGME,ESG,Mariscal Estigarribia
EGKA,ESH,"Brighton, East Sussex"
ESIB,,Såtenäs
LTBI,ESK,Eskişehir
URWI,ESL,Elista
SETN,ESM,Tachina
KESN,ESN,Easton
,ESO,Espanola
SCES,ESR,El Salvador
EDLE,ESS,Essen
KEST,EST,Estherville
ESTL,,Ljungbyhed
GMMI,ESU,Essaouira
KESW,ESW,Easton
KETB,ETB,West Bend
YEDA,ETD,Etadunna
HAMM,ETE,Metema
ETHB,,Bückeburg
ETHC,,Celle
ETHL,,Laupheim
ETHN,,Niederstetten
ETHS,,Faßberg
ETIC,,Grafenwöhr
ETIH,,Hohenfels
UHTQ,ETL,Svetlaya
LLER,ETM,Eilat
KETN,ETN,Eastland
ETND,,Diepholz
ETNH,,Hohn
ETNN,,Nörvenich
ETNT,,Wittmund
ETNW,,Wunstorf Air Base
SERO,ETR,Santa Rosa
KEDN,ETS,Enterprise
ETSB,,Alflen
ETSH,,Holzdorf
ETSL,,Graben
ETSN,,Neuburg an der Donau
LFJL,ETZ,Goin
NFTE,EUA,Eua Island
YECL,EUC,Eucla Airport
,EUE,Eureka
KEUF,EUF,Eufaula
KEUG,EUG,Eugene
EDHN,EUM,Neumünster
GMML,EUN,El Aaiún
,EUO,Paratebueno
RPVS,EUQ,San Jose
TNCE,EUX,Oranjestad
YEVA,EVD,Eva Downs
ENEV,EVE,Evenes
ESND,EVG,Sveg
YEVD,EVH,Evans Head Aerodrome
EVJA,,Tukums
EVKA,,Jēkabpils
KEVM,EVM,Eveleth
UDYZ,EVN,Yerevan
KEVV,EVV,Evansville
KEVW,EVW,Evanston
LFOE,EVX,"Fauville, Eure"
KEWB,EWB,New Bedford
WAKG,EWE,Agats
WAYE,EWI,Enarotali
KEWK,EWK,Newton
KEWN,EWN,New Bern
FCOE,EWO,Ewo
KEWR,EWR,Newark
,EXI,Excursion Inlet
YEXM,EXM,Exmouth
EGTE,EXT,"Exeter, Devon"
UHBE,EYA,Zeya
USHQ,EYK,Beloyarskiy Airport
EYKD,,Kėdainiai
GAYE,EYL,Yélimané
SKYP,EYP,Yopal
,EYR,Yerington
HKES,EYS,Eliye Springs
EYSB,,Šiauliai
KEYW,EYW,Key West
SAEZ,EZE,Buenos Aires
LTCA,EZS,Elazığ
USHB,EZV,Berezovo Airport
GUFH,FAA,Faranah
EGLF,FAB,"Farnborough, Hampshire"
FABR,,Umjindi
NTKF,FAC,Faaite
EKVG,FAE,Vágar
FAEO,,Ermelo
KFAF,FAF,Newport News
BIFM,FAG,Fagurhólsmýri
OAFR,FAH,Farah
PAFA,FAI,Fairbanks
,FAK,False Island
KFAM,FAM,Farmington
FAMS,,Silveroaks
LPFR,FAO,Faro
FAPI,,Polokwane
AYFR,FAQ,Frieda River
KFAR,FAR,Fargo
FARG,,Rustenburg
FASD,,Saldanha-Vredenburg
FASK,,Pretoria
KFAT,FAT,Fresno
OOFD,FAU,Fahud
NTGF,FAV,Fakarava Airport
FAVV,,Vereeniging
KFAY,FAY,Fayetteville
FAYP,,Cape Town
OISF,FAZ,Fasa
SWOB,FBA,Fonte Boa
OAFZ,FBD,Fayzabad
SSFB,FBE,Francisco Beltrão
KFBG,FBG,Fort Bragg
PAFB,FBK,Fairbanks
KFBL,FBL,Faribault
FZQA,FBM,Lubumbashi
KFBR,FBR,Fort Bridger
,FBS,Friday Harbor
KFBY,FBY,Fairbury
KGPI,FCA,Kalispell
FAFB,FCB,Ficksburg
KFCH,FCH,Fresno
KFCM,FCM,Minneapolis
ETMN,FCN,Wurster Nordseeküste
LIRF,FCO,Rome
KFCS,FCS,Fort Carson
KFCY,FCY,Forrest City
SKFU,FDA,Fundación
ENBL,FDE,Førde
TFFF,FDF,Fort-de-France
EDNY,FDH,Friedrichshafen
KFDK,FDK,Frederick
KFDR,FDR,Frederick
FZBO,FDU,Bandundu
KFDY,FDY,Findlay
VNSR,FEB,Sanfebagar
SDIY,FEC,Feira de Santana
UZFF,FEG,Fergana
SNOU,FEJ,Feijó
SBFN,FEN,Fernando de Noronha
KFEP,FEP,Freeport
KFET,FET,Fremont
GMFF,FEZ,Saïss
KFFA,FFA,Kill Devil Hills
EGVA,FFD,"Fairford, Gloucestershire"
KFFL,FFL,Fairfield
KFFM,FFM,Fergus Falls
KFFO,FFO,Dayton
KFFT,FFT,Frankfort
SCFT,FFU,Futaleufu
GQPF,FGD,Fderik
NSFI,FGI,Apia
NZFH,FGL,Fox
NTGB,FGU,Fangatau
KFHU,FHU,Fort Huachuca
NTKH,FHZ,Fakahina
K0B8,FID,Fishers Island
EGEF,FIE,Fair Isle
GUFA,FIG,Fria
FZAA,FIH,Kinshasa
YFNE,FIK,Finke
KFOM,FIL,Fillmore
AYFI,FIN,Buki
YFTZ,FIZ,Fitzroy Crossing Airport
OMFJ,FJR,Fujairah
EDSB,FKB,Rheinmünster
FZIC,FKI,Kisangani
RJNF,FKJ,Fukui
KFKL,FKL,Franklin
KFKN,FKN,Franklin
WASF,FKQ,Fakfak
RJSF,FKS,Sukagawa
SKFL,FLA,Florencia
SNQG,FLB,Floriano
KFLD,FLD,Fond du Lac
EDXF,FLF,Flensburg
KFLG,FLG,Flagstaff
,FLH,Flotta Isle
KFLL,FLL,Fort Lauderdale
FLLC,,Lusaka
SGFI,FLM,Filadelfia
SBFL,FLN,Florianópolis
FLND,,Ndola
KFLO,FLO,Florence
KFLP,FLP,Flippin
LIRQ,FLR,Firenze
YFLI,FLS,Whitemark
,FLT,Flat
KFLV,FLV,Fort Leavenworth
LPFL,FLW,Santa Cruz das Flores
KFLX,FLX,Fallon
YFIL,FLY,Finley Airport
WIMS,FLZ,Sibolga
SARF,FMA,Formosa
KFME,FME,Fort Meade
MRFL,FMG,Brasilito
KFMH,FMH,Falmouth
FZRF,FMI,Kalemie
EDJA,FMM,Memmingen
KFMN,FMN,Farmington
EDDG,FMO,Greven
KFSW,FMS,Fort Madison
VRQF,FMT,Faresmaathodaa
K6S2,FMU,Florence
KFMY,FMY,Fort Myers
GFLL,FNA,Freetown
EDBN,FNB,Trollenhagen
LPMA,FNC,Funchal
,FND,Funadhoo
AYFA,FNE,Fane Mission
DFEF,FNG,Fada N'gourma
HAFN,FNH,Fincha
LFTW,FNI,Nîmes
ZKPY,FNJ,Pyongyang
KFNL,FNL,Loveland
PANR,FNR,Funter Bay
KFNT,FNT,Flint
LIER,FNU,Oristano
EG3G,FOA,Foula
82CL,FOB,Fort Bragg
ZSFZ,FOC,Fuzhou
KFOD,FOD,Fort Dodge
KFOE,FOE,Topeka
LIBF,FOG,Foggia
KFOK,FOK,Westhampton Beach
FKKM,FOM,Foumban
MRAN,FON,La Fortuna
WABF,FOO,Nomfor
SBFZ,FOR,Fortaleza
YFRT,FOS,Forrest Airport
YFST,FOT,ForsterAirport
FOGF,FOU,Fougamou
,FOY,Foya
MYGF,FPO,Freeport
KFPR,FPR,Fort Pierce
KFPY,FPY,Perry
EDDF,FRA,Frankfurt am Main
YFBS,FRB,Forbes
SIMK,FRC,Franca
KFHR,FRD,Friday Harbor
AGGF,FRE,Fera Island
KFRG,FRG,East Farmingdale
KFRH,FRH,French Lick
KFRI,FRI,Fort Riley
FSSF,FRK,Frégate Island
LIPK,FRL,Forlì
KFRM,FRM,Fairmont
PAFR,FRN,Fort Richardson
ENFL,FRO,Florø
AYFE,FRQ,Feramin
KFRR,FRR,Front Royal
MGMM,FRS,San Benito
SCEV,FRT,Frutillar
FBPM,FRW,Francistown
KIZG,FRY,Fryeburg
ETHF,FRZ,Fritzlar
LFKF,FSC,Figari
KFSD,FSD,Sioux Falls
WIMI,FSH,Singkil
KFSI,FSI,Fort Sill
KFSK,FSK,Fort Scott
,FSL,Fossil Downs Station
KFSM,FSM,Fort Smith
LFVP,FSP,Saint-Pierre
KFST,FST,Fort Stockton
KFSU,FSU,Fort Sumner
RJNS,FSZ,Makinohara
NVVF,FTA,Futuna Island
SAWC,FTE,El Calafate
FTFY,,Wadi Doum
NSFQ,FTI,Fitiuta Village
KFTK,FTK,Fort Knox
FMSD,FTU,Tôlanaro
KFTW,FTW,Fort Worth
FCOO,FTX,Owando
KFTY,FTY,Atlanta
,FUB,Fulleborn
GCFV,FUE,El Matorral
ZSFY,FUG,"Yingzhou, Fuyang"
RJFE,FUJ,Goto
RJFF,FUK,Fukuoka
KFUL,FUL,Fullerton
AYFU,FUM,Fuma
NGFU,FUN,Funafuti
ZGFS,FUO,Foshan
NLWF,FUT,Futuna Island
YFLO,FVL,Flora Valley Airport
VRMR,FVM,Fuvahmulah Island
FVMT,,Mutoko
YFRV,FVR,Oombulgurri
KFWA,FWA,Fort Wayne
KNFW,FWH,Fort Worth
,FWL,Farewell
KFXE,FXE,Fort Lauderdale
FQCB,FXO,Cuamba
KFXY,FXY,Forest City
ZYFY,FYJ,Fuyuan
KFYM,FYM,Fayetteville
FYML,,Mariental
ZWFY,FYN,Fuyun
FTTY,FYT,Faya-Largeau
FYTF,,Twyfelfontein
PFYU,FYU,Fort Yukon
KFYV,FYV,Fayetteville
UBBF,FZL,Fuzuli
FZSA,,Lumwe
,GAA,Guamal
KGAB,GAB,Gabbs
MHCG,GAC,Gracias
KGAD,GAD,Gadsden
DTTG,GAE,Gabès
DTTF,GAF,Gafsa
KGAG,GAG,Gage
YGAY,GAH,Gayndah
KGAI,GAI,Gaithersburg
RJSC,GAJ,Higashine
PAGA,GAL,Galena
PAGM,GAM,Gambell
VRMG,GAN,Gan
MUGT,GAO,Guantánamo
AYGP,GAP,Gusap
GAGO,GAQ,Gao
AYGI,GAR,Garaina
HKGA,GAS,Garissa
LFNA,GAT,"Tallard, Hautes-Alpes"
VEGT,GAU,Guwahati
,GAV,Gag Island
VYGG,GAW,Gangaw
FOGX,GAX,Gamba
VEGY,GAY,Gaya
AYGJ,GAZ,WoodlarkIsland
EGBP,GBA,"Cirencester, Gloucestershire"
UBBQ,GBB,Gabala
AYGS,GBC,Gasuke
KGBD,GBD,Great Bend
FBSK,GBE,Gaborone
AYNE,GBF,Negarbo
KGBG,GBG,Galesburg
PAGB,GBH,Galbraith Lake
VOGB,GBI,Kalaburagi
TFFM,GBJ,Grand-Bourg
GFGK,GBK,Gbangbatok
YGBI,GBL,South Goulburn Is Airport
,GBM,Garbaharey
YGAM,GBP,Gamboola
KGBR,GBR,Great Barrington
OING,GBT,Gorgan
HSKG,GBU,Khashm El Girba
YGIB,GBV,Gibb
YGIA,GBW,Ginbata
NZGB,GBZ,Claris
,GCA,Guacamayas
KGCC,GCC,Gillette
,GCD,Electric City
OIAH,GCH,Gachsaran
EGJB,GCI,Saint Peter Port
FAGC,GCJ,Midrand
KGCK,GCK,Garden City
MWCR,GCM,George Town
KGCN,GCN,Grand Canyon - Tusayan
K1Z1,GCT,Littlefield
,GCV,Gravatai
K1G4,GCW,Peach Springs
KGCY,GCY,Greeneville
VAGD,GDB,Gondia
KGYH,GDC,Greenville
YGDN,GDD,Gordon Downs
HAGO,GDE,Gode
,GDH,Golden Horn Lodge
FEGL,GDI,Melle
MMGL,GDL,Guadalajara
KGDM,GDM,Gardner
EPGD,GDN,Gdańsk
SVGD,GDO,Guasdualito
SNGD,GDP,Guadalupe
HAGN,GDQ,Azezo
SDAG,GDR,Angra dos Reis
MBGT,GDT,Cockburn Town
KGDV,GDV,Glendive
KGDW,GDW,Gladwin
UHMM,GDX,Magadan
URKG,GDZ,Gelendzhik
NWWM,GEA,Nouméa
WAEJ,GEB,Gebe Island
LCGK,GEC,Lefkoniko
KGED,GED,Georgetown
YGTO,GEE,George Town
AGEV,GEF,Liangia
KGEG,GEG,Spokane
SBNM,GEL,Santo Ângelo
FGMY,GEM,Mengomeyén
SYCJ,GEO,Georgetown
MUNG,GER,Nueva Gerona
RPMR,GES,General Santos
YGEL,GET,Moonyoonooka
ESNG,GEV,Gällivare
AYGC,GEW,Gewoia
KGEY,GEY,Greybull
KGFA,GFA,Great Falls
KGFD,GFD,Greenfield
YGNF,GFE,Grenfell
YGTH,GFF,Griffith
KGFK,GFK,Grand Forks
KGFL,GFL,Glens Falls
YGFN,GFN,Grafton
SYBT,GFO,Bartica
LFRF,GFR,"Bréville-sur-Mer, Manche"
FYGF,GFY,Grootfontein
SWHP,GGB,Água Boa
FNBL,GGC,Lumbala N'guimbo
YGDS,GGD,Gregory Downs Airport
KGGE,GGE,Georgetown
SNYA,GGF,Almeirim
KGGG,GGG,Longview
SSCT,GGH,Cianorte
SSGY,GGJ,Guaíra
HKKG,GGM,Kakamega
DIGA,GGN,Gagnoa
DIGL,GGO,Guiglo
HCGR,GGR,Garowe
SAWR,GGS,Gobernador Gregores
MYEF,GGT,Moss Town
KGGW,GGW,Glasgow
DAUG,GHA,El Atteuf
MYEM,GHB,Governor's Harbour
MYBG,GHC,Bullocks Harbour
,GHE,Garachiné
EDQG,GHF,Giebelstadt
CGK2,GHK,Kennedy Lake
KGHM,GHM,Centerville
ZUGH,GHN,Deyang
WALE,GHS,Melak-Borneo Island
HLGT,GHT,Ghat
SAAG,GHU,Gualeguaychu
LRBV,GHV,Brașov
LXGB,GIB,Gibraltar
YBOI,GIC,Boigu Island
HBBE,GID,Gitega
KGIF,GIF,Winter Haven
SBGL,GIG,Rio De Janeiro
GUSI,GII,Siguiri
OPGT,GIL,Gilgit
,GIM,Miele Mimbale
SKGI,GIR,Girardot
NZGS,GIS,Gisborne
HTRU,GIT,Geita
VCCS,GIU,Sigiriya
FAGI,GIY,Giyani
OEGN,GIZ,Jizan
MHNJ,GJA,Guanaja
DAAV,GJL,Tahir
SBGM,GJM,Guajará-Mirim
BIGJ,GJR,Gjögur
KGJT,GJT,Grand Junction
AYGA,GKA,Goronka
LTFK,GKD,Gökçeada
ETNG,GKE,Geilenkirchen
VNGK,GKH,Gorkha
VRMO,GKK,Huvadhu Atoll
YGKL,GKL,Great Keppel Island
PAGK,GKN,Gulkana
KGKT,GKT,Sevierville
EGPF,GLA,Glasgow
KP13,GLB,Globe
HAGL,GLC,Geladi
KGLD,GLD,Goodland
KGLE,GLE,Gainesville
MRGF,GLF,Golfito
YGLE,GLG,Glengyle Airport
KGLH,GLH,Greenville
YGLI,GLI,Glen Innes
HCMR,GLK,Galcaio
ENKL,GLL,Klanten flyplass
YGLO,GLM,Glenormiston Airport
GMAG,GLN,Guelmim
EGBJ,GLO,"Staverton, Gloucestershire"
AYUP,GLP,Gulgubip
KGLR,GLR,Gaylord
KGLS,GLS,Galveston
YGLA,GLT,Gladstone
VQGP,GLU,Gelephu
PAGL,GLV,Golovin
KGLW,GLW,Glasgow
WAEG,GLX,Galela
EHGR,GLZ,Rijen
FZFK,GMA,Gemena
GMAR,,Mahbes Airbase
HAGM,GMB,Gambela
SKUV,GMC,Puerto Carreño
GMMB,GMD,Ben Slimane
UMGG,GME,Gomel
AYGT,GMI,Gasmata Island
FCOG,GMM,Gamboma
NZGM,GMN,Greymouth Airport
DNGO,GMO,Gombe
RKSS,GMP,Seoul
ZLGL,GMQ,Golog
NTGJ,GMR,Totegegie Airport
SNYW,GMS,Guimarães
PAGZ,GMT,Granite Mountain
KGMU,GMU,Greenville
UT25,GMV,Oljato-Monument Valley
GCGM,GMZ,"Alajero, La Gomera Island"
UMMG,GNA,Hrodna
LFLS,GNB,Grenoble
TGPY,GND,Saint George's
EBGT,GNE,Gent
K2O1,GNF,Quincy
KGNG,GNG,Gooding
RCGI,GNI,Lüdao
UBBG,GNJ,Ganja
SNGI,GNM,Guanambi
HAGH,GNN,Ghinnir
SAHR,GNR,General Roca
WIMB,GNS,Gunungsitoli
KGNT,GNT,Grants
,GNU,Goodnews
KGNV,GNV,Gainesville
LTCS,GNY,Şanlıurfa
FBGZ,GNZ,Ghanzi
LIMJ,GOA,Genova
HAGB,GOB,Goba
AYGX,GOC,Gora
AYGL,GOE,Gonaili
FYGB,GOG,Gobabis
BGGH,GOH,Nuuk
VOGO,GOI,Vasco da Gama
UWGG,GOJ,Nizhny Novgorod
KGOK,GOK,Guthrie
K4S1,GOL,Gold Beach
FZNA,GOM,Goma
KGON,GON,Groton
YGDI,GOO,Goondiwindi Airport
VEGK,GOP,Gorakhpur
ZLGM,GOQ,Golmud
HAGR,GOR,Gore
YSMB,GOS,Gosford
ESGG,GOT,Göteborg
FKKR,GOU,Garoua
YPGV,GOV,Nhulunbuy
VOGA,GOX,Mopa
UNIT,GOY,Tura
LBGO,GOZ,Gorna Oryahovitsa
LGRX,GPA,Patras
SSGG,GPB,Guarapuava
YGON,GPD,Mount Gordon Mine
SKGP,GPI,Guapi
MRGP,GPL,Pococi
YGPT,GPN,Pirlangimpi
SAZG,GPO,General Pico
SEGS,GPS,Isla Baltra
KGPT,GPT,Gulfport
KGPZ,GPZ,Grand Rapids
KGQQ,GQQ,Galion
,GRA,Puerto Mosquito
KGRB,GRB,Green Bay
,GRC,Grand Cess
KGRD,GRD,Greenwood
KGRE,GRE,Greenville
KGRF,GRF,Fort Lewis
OAGZ,GRG,Gardez
KGRI,GRI,Grand Island
FAGG,GRJ,George
KGRK,GRK,Fort Cavazos
AYGG,GRL,Au
KCKC,GRM,Grand Marais
KGRN,GRN,Gordon
LEGE,GRO,Girona
SWGI,GRP,Gurupi
EHGG,GRQ,Groningen
KGRR,GRR,Grand Rapids
LIRS,GRS,Grosseto
,GRT,Gujrat
SBGR,GRU,São Paulo
URMG,GRV,Grozny
LPGR,GRW,Santa Cruz da Graciosa
LEGR,GRX,Granada
BIGR,GRY,Grímsey
LOWG,GRZ,Feldkirchen bei Graz
WBKN,GSA,Long Miau
KGSB,GSB,Goldsboro
YGSC,GSC,Gascoyne Junction
ESGP,GSE,Göteborg
KGSH,GSH,Goshen
SOGS,GSI,Grand-Santi
MGSJ,GSJ,Puerto San José
CFA7,GSL,Taltheilei Narrows
OIKQ,GSM,Qeshm
YMGN,GSN,Mount Gunson
KGSO,GSO,Greensboro
KGSP,GSP,Greenville
HEOW,GSQ,Sharq El Owainat
HCMG,GSR,Gardo
FASE,GSS,Belfast
PAGS,GST,Gustavus
UWSG,GSV,Saratov
AGOK,GTA,Gatokae
HTGE,GTC,Chato District
YGTE,GTE,Groote Eylandt
KGTF,GTF,Great Falls
KGTG,GTG,Grantsburg
EDCG,GTI,Dreschvitz
,GTK,Sungai Tekai
NZGT,GTN,Glentanner Station
WAMG,GTO,Gorontalo
K3S8,GTP,Grants Pass
KGTR,GTR,Columbus
YTGT,GTS,The Granites Gold Mine
YGTN,GTT,Georgetown
KW05,GTY,Gettysburg
HTGR,GTZ,Grumeti Game Reserve
MGGT,GUA,Guatemala City
MMGR,GUB,San Quintín
KGUC,GUC,Gunnison
GAGM,GUD,Goundam
,GUE,Guriaso
KJKA,GUF,Gulf Shores
AYGF,GUG,Guari
YGDH,GUH,Gunnedah Airport
SVGI,GUI,Guiria Airport
SBGW,GUJ,Guaratinguetá
YGLB,GUL,Goulburn Airport
PGUM,GUM,Hagåtña
,GUO,Guriel
KGUP,GUP,Gallup
SVGU,GUQ,Guanare
AYGN,GUR,Gurney
KGUS,GUS,Peru
BIGF,GUU,Grundarfjörður
AYML,GUV,Mougulu
UATG,GUW,Atyrau
VAGN,GUX,Guna Airport
KGUY,GUY,Guymon
SNGA,GUZ,Guarapari
LSGG,GVA,Geneva
KGVE,GVE,Gordonsville
AYGV,GVI,Green River
KGVL,GVL,Gainesville
UHKM,GVN,Sovetskaya Gavan
YGNV,GVP,Greenvale Airport
SBGV,GVR,Governador Valadares
KGVT,GVT,Greenville
VYGW,GWA,Gwa
OPGW,GWD,Gurandani
FVTL,GWE,Gweru
VIGR,GWL,Gwalior
KGWO,GWO,Greenwood
KGWS,GWS,Glenwood Springs
EDXW,GWT,Sylt
WV66,GWV,Glendale
OYSY,GXF,Seiyun
FNNG,GXG,Negage
ZLXH,GXH,Gannan
WAGA,GXM,Kuala Kurun
SCCY,GXQ,Coyhaique
FKKJ,GXX,Yagoua
KGXY,GXY,Greeley
SLGM,GYA,Guayaramerín
YWGA,GYB,Wodgina
UBBB,GYD,Baku
SEGU,GYE,Guayaquil
UEMM,GYG,Magan
HRYG,GYI,Gisenyi
YARG,GYL,Argyle Airport
MMGM,GYM,Guaymas
SBGO,GYN,Goiânia
WIMG,GYO,Kabupaten Gayo Lues
YGYM,GYP,Gympie Airport
KGYR,GYR,Goodyear
ZUGU,GYS,Guangyuan
ZLGY,GYU,Guyuan
KGYY,GYY,Gary
YGRM,GYZ,Cosmo Newbery
ZUGZ,GZG,Garzê
OAGN,GZI,Ghazni
LMMG,GZM,Gozo
AGGN,GZO,Gizo
LTFG,GZP,Gazipaşa
LTAJ,GZT,Gaziantep
OIIK,GZW,Qazvin
ENHK,HAA,Hasvik
KHAB,HAB,Hamilton
RJTH,HAC,Hachijojima
ESMT,HAD,Halmstad
AZ15,HAE,Supai Village
KHAF,HAF,Half Moon Bay
FMCH,HAH,Moroni
KHAI,HAI,Three Rivers
EDDV,HAJ,Hannover
ZJHK,HAK,Haikou
FYHI,HAL,Halali
EDDH,HAM,Hamburg
VVNB,HAN,Hanoi
KHAO,HAO,Hamilton
YHPB,HAP,Long Island
VRMH,HAQ,Haa Dhaalu Atoll
KCXY,HAR,Harrisburg
OEHL,HAS,Hail
YHTL,HAT,Shelburne
ENHD,HAU,Karmøy
MUHA,HAV,Havana
EGFE,HAW,Haverfordwest
SKAG,HAY,Aguachica
,HAZ,Hatzfeldhaven
YMHB,HBA,Hobart
NM83,HBB,Hobbs
AYHB,HBD,Habi
HEAX,HBE,Alexandria
KHBG,HBG,Hattiesburg
,HBH,Entrance Island
,HBK,Holbrook
ZLHB,HBQ,Haibei
KHBR,HBR,Hobart
,HBT,Hambantota
ZMBS,HBU,Bulgan
VOHB,HBX,Hubballi
KBPG,HCA,Big Spring
K1B1,HCC,Hudson
ZGHC,HCJ,Hechi
HCME,HCM,Eyl
RCKW,HCN,Hengchun
YHLC,HCQ,Halls Creek Airport
PAHC,HCR,Holy Cross
KCQW,HCW,Cheraw
ZGCZ,HCZ,Chenzhou
OPKD,HDD,Hyderabad
KHDE,HDE,Holdrege
EDAH,HDF,Zirchow
ZBHD,HDG,Handan
PHDH,HDH,Mokuleia
VRBK,HDK,Kulhudhuffushi
OIHH,HDM,Hamadan
KHDN,HDN,Hayden
VIDX,HDO,Ghaziabad
OIKP,HDR,Bandar Abbas
FAHT,HDS,Hoedspruit
VTSS,HDY,Hat Yai
HE16,,Tanta
HE28,,Markaz Ad Delingat
HE32,,Mansoura
HE35,,Abu Suwayr
HE37,,Bilbeis
HE42,,Quesna
OAHR,HEA,Guzara
HEAZ,,El Nozha
VYHT,HEB,Hinthada
HEBS,,Bani Sweif
HECW,,Cairo
AK33,HED,Herendeen Bay
KHEE,HEE,West Helena
HSHG,HEG,Heglig
HEGS,,Abu El Matamir
VYHH,HEH,Heho
EDXB,HEI,Oesterdeichstrich
HEIS,,Al Ismailiyya
ZYHE,HEK,Heihe
EFHK,HEL,Helsinki
EFHE,HEN,Helsinki
AYHG,HEO,Haelogo
LGIR,HER,Heraklion
KHRI,HES,Hermiston
ZBHH,HET,Hohhot
,HEW,Jinhua
KHEY,HEY,Fort Rucker Ozark
KHEZ,HEZ,Natchez
LLHA,HFA,Haifa
KHFD,HFD,Hartford
ZSOF,HFE,Hefei
KHFF,HFF,Hoffman
BIHN,HFN,Höfn
ESOH,HFS,Råda
ENHF,HFT,Hammerfest
HCMH,HGA,Hargeisa
YHUG,HGD,Hughenden
SVHG,HGE,Higuerote
ZSHC,HGH,Hangzhou
VEHO,HGI,Hollongi
EDXH,HGL,Helgoland
VTCH,HGN,Mae Hong Son
DIKO,HGO,Korhogo
KHGR,HGR,Hagerstown
GFHA,HGS,Freetown
KHGT,HGT,Jolon
AYMH,HGU,Mount Hagen
2AK6,HGZ,Hogatza
RJSH,HHE,Hachinohe
KHXD,HHH,Hilton Head Island
PHHI,HHI,Wahiawa
EDFH,HHN,Frankfurt am Main
VHSS,HHP,Central and Western
VTPH,HHQ,Hua Hin
KHHR,HHR,Hawthorne
NTGH,HHZ,Hikueru
ZSSH,HIA,Huai'an
KHIB,HIB,Hibbing
YHID,HID,Horn
KHIE,HIE,Whitefield
KHIF,HIF,Ogden
YHHY,HIG,Highbury
KHII,HII,Lake Havasu City
RJOA,HIJ,Hiroshima
HASL,HIL,Shilavo
VCCH,HIM,Polonnaruwa Town
RKPS,HIN,Sacheon
KHIO,HIO,Portland
YHDY,HIP,Headingly Airport
AGGH,HIR,Honiara
,HIS,Hayman Island
AYHO,HIT,Haivaro
RJBH,HIW,Hiroshima
ZWHJ,HJB,Hejing
ZGCJ,HJJ,Huaihua
HJPH,,Higleig
VEKO,HJR,Khajuraho
ZMHU,HJT,Khujirt
KHKA,HKA,Blytheville
,HKB,Healy Lake
RJCH,HKD,Hakodate
VHHH,HKG,Hong Kong
NZHK,HKK,Hokitika Airfield
AYHK,HKN,Kimbe
HKNY,,Nanyuki
HKMF,HKR,Mara Rianta
HKRE,,Nairobi
KHKS,HKS,Jackson
VTSP,HKT,Phuket
KHKY,HKY,Hickory
HL56,,Matan al-Sarra Air Base
HL77,,Okba Ibn Nafa Air Base
FALA,HLA,Johannesburg
KHLB,HLB,Batesville
HLBU,,Bombah
KHLC,HLC,Hill City
ZBLA,HLD,Hailar
FHSH,HLE,Jamestown
ESSF,HLF,Hultsfred
KHLG,HLG,Wheeling
ZBUL,HLH,Ulanhot
KCVH,HLI,Hollister
,HLJ,Suihua
YHIL,HLL,Hillside
,HLM,Holland
KHLN,HLN,Helena
WIHH,HLP,Jakarta
KHLR,HLR,Fort Cavazos
YSTH,HLS,St Helens Airport
YHML,HLT,Hamilton Airport
,HLV,Helenvale
FAHL,HLW,Hluhluwe
NZHN,HLZ,Hamilton
USHH,HMA,Khanty-Mansiysk
HESG,HMB,Suhaj
DAUH,HME,Hassi Messaoud
YHMB,HMG,Hermannsburg
ZWHM,HMI,Hami
UKLH,HMJ,Khmelnytskyi
KHMN,HMN,Alamogordo
MMHO,HMO,Hermosillo
ENHA,HMR,Hamar
WAGB,HMS,Muara Teweh
KHMT,HMT,Hemet
ESUT,HMV,Hemavan
RKTP,HMY,Seosan
RJSI,HNA,Hanamaki
KHNB,HNB,Huntingburg
KHSE,HNC,Hatteras
RJTT,HND,Tokyo
,HNG,Hainan
PAOH,HNH,Hoonah
AYHE,HNI,Heiweni
PHNL,HNL,"Honolulu, Oahu"
PHHN,HNM,Hana
AYHH,HNN,Honinabi
PAHN,HNS,Haines
ZGHY,HNY,Hengyang
HKHO,HOA,Hola
KHOB,HOB,Hobbs
AYOK,HOC,Komako
VLHS,HOE,Huay Xai
OEAH,HOF,Hofuf
MUHG,HOG,Holguin
LOIH,HOH,Hohenems
NTTO,HOI,Otepa
YHOO,HOK,Lajamanu
PAHO,HOM,Homer
KHON,HON,Huron
,HOO,Đăk R'Lấp
KHOP,HOP,Fort Campbell
EDQM,HOQ,Hof
LPHR,HOR,Horta
SAHC,HOS,Chos Malal
KHOT,HOT,Hot Springs
KHOU,HOU,Houston
ENOV,HOV,Ørsta
VYHL,HOX,Hommalinn
NFTL,HPA,Lifuka
PAHP,HPB,Hooper Bay
YHPV,HPE,Hope Vale
ZHSN,HPG,Shennongjia
VVCI,HPH,Haiphong
KHPN,HPN,White Plains
,HPR,Pretoria
KHPT,HPT,Hampton
HI01,HPV,Hanalei
KHPY,HPY,Baytown
ZWTK,HQL,Tashikuergan
KHQM,HQM,Hoquiam
ZHQQ,HQQ,Anyang
LKMH,HRA,Mnichovo Hradiště
ZYHB,HRB,Harbin
,HRC,Zhayrem
FVRG,HRE,Harare
VRAH,HRF,Hoarafushi Airport
HEGN,HRG,Hurghada
VIAH,HRH,Aligarh
VCRI,HRI,Mattala
UKHH,HRK,Kharkiv
KHRL,HRL,Harlingen
DAFH,HRM,Hassi R'Mel
KHRO,HRO,Harrison
,HRR,Campiña
FAHR,HRS,Harrismith
YHBY,HRY,Ghan
SSHZ,HRZ,Horizontina
UAIT,HSA,Turkıstan
KHSB,HSB,Harrisburg
ZGSG,HSC,Shaoguan
ZYSD,HSF,Suifenhe
RJFS,HSG,Saga
KHND,HSH,Las Vegas
KHSI,HSI,Hastings
,HSJ,Zhengzhou
LEHC,HSK,Monflorite
PAHL,HSL,Huslia
YHSM,HSM,Horsham Airport
ZSZS,HSN,Zhoushan
KHSP,HSP,Hot Springs
VAHS,HSR,Rajkot
VIHR,HSS,Hisar
HSSG,,Geneina
KHST,HST,Homestead
KHSV,HSV,Huntsville
RCPO,HSZ,Hsinchu City
UIAA,HTA,Chita
UOHH,HTG,Khatanga
KHTH,HTH,Hawthorne
YBHM,HTI,Hamilton Island
KHTL,HTL,Houghton Lake
ZMHG,HTM,Hatgal
ZWTN,HTN,Hotan
KJPX,HTO,East Hampton
RORH,HTR,Taketomi
KHTS,HTS,Huntington
ZLHX,HTT,Mengnai
YHPN,HTU,Hopetoun Airport
KUTS,HTV,Huntsville
KHTW,HTW,South Point
LTDA,HTY,Antakya
SKHC,HTZ,Hato Corozal
KHUA,HUA,Redstone Arsnl Huntsville
YHBR,HUB,Humbert River Airport
,HUC,Humacao
K0K7,HUD,Humboldt
HAHU,HUE,Akwi
KHUF,HUF,Terre Haute
MGHT,HUG,Huehuetenango
NTTH,HUH,Fare
VVPB,HUI,Huế
KHHW,HUJ,Hugo
FBHK,HUK,Hukuntsi
KHUL,HUL,Houlton
KHUM,HUM,Houma
RCYU,HUN,Hualien City
ZBHZ,HUO,Holingol
HLON,HUQ,Hon Airport
PAHU,HUS,Hughes
KHUT,HUT,Hutchinson
SPNC,HUU,Huánuco
ESNH,HUV,Hudiksvall
SWHT,HUW,Humaitá
MMBT,HUX,Huatulco
EGNJ,HUY,"Grimsby, Lincolnshire"
ZGHZ,HUZ,Huizhou
FMNL,HVA,Analalava
YHBA,HVB,Hervey Bay
ZMKD,HVD,Khovd
KHVE,HVE,Hanksville
ENHV,HVG,Honningsvåg
BIHK,HVK,Hólmavík
KHVN,HVN,New Haven
KHVR,HVR,Havre
KHVS,HVS,Hartsville
AYHU,HWA,Hawabango
KHWD,HWD,Hayward
,HWI,Hawk Inlet
YHAW,HWK,Hawker
FVWN,HWN,Gwayi River Farms
KHWO,HWO,Hollywood
VIHX,HWR,Halwara
ZLDL,HXD,Delingha
YHAY,HXX,Hay Airport
KHYA,HYA,Hyannis
EGTB,HYC,"Marlow, Buckinghamshire"
VOHS,HYD,Hyderabad
AYHF,HYF,Bainyik
PAHY,HYG,Hydaburg
,HYL,Hollis
ZSLQ,HYN,Taizhou
KHYR,HYR,Hayward
KHYS,HYS,Hays
EFHV,HYV,Hyvinkää
ZSHZ,HZA,Heze
LFQT,HZB,"Merville, Nord"
ZLHZ,HZG,Hanzhong
ZUNP,HZH,Liping
BIHU,HZK,Húsavík
KHZL,HZL,Hazleton
CYNR,HZP,Fort Mackay
,HZU,Chengdu
,HZV,Hazyview
UOII,IAA,Igarka
KIAB,IAB,Wichita
KIAD,IAD,Dulles
KIAG,IAG,Niagara Falls
KIAH,IAH,Houston
AYIU,IAL,Ialibu
DAUZ,IAM,In Aménas
PAIK,IAN,Kiana
RPNS,IAO,Del Carmen
OI20,IAQ,Imam Hassan
UUDL,IAR,Tunoshna
LRIA,IAS,Iaşi
WAMS,IAX,Miangas
DNIB,IBA,Ibadan
SEII,IBB,Puerto Villamil
SKIB,IBE,Ibagué
,IBI,Iboki
,IBL,Bazaruto Island
YIBO,IBM,Japal Camp
FQIB,IBO,Ibo
SPBR,IBP,Iberia
RJAH,IBR,Omitama
LEIB,IBZ,Ibiza
SVIC,ICA,Ikabarú
SVIE,ICC,Isla de Coche
NFCI,ICI,Cicia
SMNI,ICK,Nieuw Nickerie
KICL,ICL,Clarinda
RKSI,ICN,Seoul
,ICO,Carles
KU70,ICS,Cascade
KICT,ICT,Wichita
19AK,ICY,Icy Bay
KIDA,IDA,Idaho Falls
ESUE,IDB,Idre
FZCB,IDF,Idiofa
KIDG,IDG,Ida Grove
KGIC,IDH,Grangeville
KIDI,IDI,Indiana
YIDK,IDK,Indulkana
AYID,IDN,Indagen
SWIY,IDO,Cristalândia
KIDP,IDP,Independence
VAID,IDR,Indore
LFEY,IDY,Île d'Yeu
EPZG,IEG,Nowe Kramsko
RORE,IEJ,Ie
EDAU,IES,Riesa
KIFA,IFA,Iowa Falls
YIFY,IFF,Iffley Airport
OIFE,IFH,Hesa
BIIS,IFJ,Ísafjörður
YIFL,IFL,Innisfail Airport
OIFM,IFN,Isfahan
UKLI,IFO,Ivano-Frankivsk
KIFP,IFP,Bullhead City
VREI,IFU,Ifuru Island
MYIG,IGA,Matthew Town
SAVJ,IGB,Ingeniero Jacobacci
LTCT,IGD,Iğdır
FOOI,IGE,Iguela
PAIG,IGG,Igiugig
YIGM,IGH,Ingham Airport
LTBL,IGL,Çiğli
KIGM,IGM,Kingman
RPMI,IGN,Balo-i
SKIG,IGO,Chigorodó
SARI,IGR,Puerto Iguazu
ETSI,IGS,Manching
URMS,IGT,Sunzha
SBFI,IGU,Foz do Iguaçu
FQIA,IHC,Inhaca
OYQN,IHN,Qishn
FMSI,IHO,Ihosy
OIZI,IHR,Iranshahr
AYIH,IHU,Ihu
EIMN,IIA,Inis Meáin
OICI,IIL,Ilam
AYIA,IIS,Nissan Island
USII,IJK,Izhevsk
SSIJ,IJU,Ijuí
KIJX,IJX,Jacksonville
OIIE,IKA,Tehran
KUKF,IKB,North Wilkesboro
BGIA,IKE,Ikerasak
UCFK,IKG,Karakol
RJDB,IKI,Iki
KIKK,IKK,Kankakee
FZGV,IKL,Ikela
PAKO,IKO,Nikolski
YIKM,IKP,Inkerman
UEST,IKS,Tiksi
UIII,IKT,Irkutsk
UCFL,IKU,Tamchy
WAYL,ILA,Ilaga
LEDA,ILD,Lleida
KILE,ILE,Killeen
CZBD,ILF,Ilford
KILG,ILG,Wilmington
ETIK,ILH,Illesheim
PAIL,ILI,Iliamna
FMMQ,ILK,Ilaka
KBDH,ILL,Willmar
KILM,ILM,Wilmington
KILN,ILN,Wilmington
RPVI,ILO,Cabatuan
NWWE,ILP,Île des Pins
SPLO,ILQ,Ilo
DNIL,ILR,Ilorin
MSSS,ILS,San Salvador
HKKL,ILU,Kilaguni
EGPI,ILY,"Isle of Islay, Argyll and Bu"
LZZI,ILZ,Dolný Hričov
,IMA,"Iamalele, Fergusson Island"
SYIB,IMB,Imbaimadai
AYIO,IMD,Imonda
VEIM,IMF,Imphal
,IMG,Inhaminga
,IMI,Arno Atoll
VNST,IMK,Simikot
KIML,IML,Imperial
KIMM,IMM,Immokalee
AYII,IMN,Imane
FEFZ,IMO,Zemio
SBIZ,IMP,Imperatriz
OITU,IMQ,Showt
KIMT,IMT,Kingsford
OANZ,IMZ,Ziarat-e Amiran Saseb
UUYI,INA,Inta
MZSV,INB,Independence
ZLIC,INC,Yinchuan
KIND,IND,Indianapolis
,INE,Chinde
DATG,INF,In Guezzam
FQIN,INH,Inhambane
LYNI,INI,Niš
YINJ,INJ,Injune
KINK,INK,Wink
KINL,INL,International Falls
YINN,INM,Innamincka Airport
LOWI,INN,Innsbruck
FZBA,INO,Inongo
EIIR,INQ,Inis Oírr
KINS,INS,Indian Springs
KINT,INT,Winston Salem
ANYN,INU,Yaren
EGPE,INV,Inverness
KINW,INW,Winslow
WASI,INX,Inanwatan
,INY,Inyati
DAUI,INZ,In Salah
LGIO,IOA,Ioannina
,IOK,Iokea
EGNS,IOM,Castletown
FCOI,ION,Impfondo
,IOP,Ioma
BGIS,IOQ,Isortoq
EIIM,IOR,Inis Mór
SBIL,IOS,Ilhéus
BGLL,IOT,Illorsuit
KIOW,IOW,Iowa City
NVVI,IPA,Ipota
SCIP,IPC,Isla De Pascua
RPMV,IPE,Ipil
SWII,IPG,Santo Antônio do Içá
WMKI,IPH,Ipoh
SKIP,IPI,Ipiales
KIPL,IPL,Imperial
SBIP,IPN,Ipatinga
KIPT,IPT,Williamsport
SNIU,IPU,Ipiaú
MRSI,IPZ,Pérez Zeledón
ORAA,IQA,Hīt
ZWCM,IQM,Qiemo
ZLQY,IQN,Qingyang
SCDA,IQQ,Iquique
SPQT,IQT,Iquitos
AGGK,IRA,Kirakira
K2F0,IRB,Iraan
PACR,IRC,Circle
VGIS,IRD,Ishurdi
SNIC,IRE,Irecê
YLHR,IRG,Lockhart River
HTIR,IRI,Nduli
SANL,IRJ,La Rioja
KIRK,IRK,Kirksville
USHI,IRM,Igrim Airport
MHIR,IRN,Iriona
FEFI,IRO,Birao
FZJH,IRP,Isiro
KIRS,IRS,Sturgis
,IRU,Iranamadu
SWTP,IRZ,Santa Isabel do Rio Negro
YBMA,ISA,Mount Isa
OPIS,ISB,Attock
EGHE,ISC,"St. Mary's, Isles of Scilly"
,ISD,Iscuandé
LTFC,ISE,Isparta
ROIG,ISG,Ishigaki
YISF,ISI,Isisford Airport
MMIM,ISJ,Isla Mujeres
VAOZ,ISK,Nashik
LTBA,ISL,Istanbul
KISM,ISM,Orlando
KISO,ISO,Kinston
KISP,ISP,Islip
KISQ,ISQ,Manistique
KIWI,ISS,Wiscasset
LTFM,IST,Istanbul
ORSJ,ISU,Sulaymaniyah
KISW,ISW,Wisconsin Rapids
SBIC,ITA,Itacoatiara
SBIH,ITB,Itaituba
SNZW,ITE,Ituberá
KITH,ITH,Ithaca
SWEU,ITI,Itambacuri
SIJY,ITJ,Itajaí
AYIK,ITK,Itokama
RJOO,ITM,Osaka
,ITN,Itabuna
PHTO,ITO,Hilo
SDUN,ITP,Itaperuna
SSIQ,ITQ,Itaqui
SBIT,ITR,Itumbiara
UHSI,ITU,Kurilsk
KIUA,IUA,Ontario County IDA
NIUE,IUE,Alofi
BGIN,IUI,Innarsuit
WAVC,IUL,Ilu
SWYN,IUP,Apuí
FMNZ,IVA,Ampampamena Airport
NZNV,IVC,Invercargill
LYBR,IVG,Berane
,IVI,Isla Viveros
EFIV,IVL,Ivalo
,IVO,Chivolo
YIVL,IVR,Inverell
YINW,IVW,Inverway
UUBI,IWA,Ivanovo
KIWD,IWD,Ironwood
RJOW,IWJ,Masuda
RJOI,IWK,Iwakuni
RJAW,IWO,Ogasawara
KIWS,IWS,Houston
VEAT,IXA,Agartala
VEBD,IXB,Siliguri
VICG,IXC,Chandigarh
VEAB,IXD,Allahabad
VOML,IXE,Mangaluru
VOBM,IXG,Belgaum
VEKR,IXH,Kailashahar
VELR,IXI,Lilabari
VIJU,IXJ,Jammu
VAKS,IXK,Keshod
VILH,IXL,Leh
VOMD,IXM,Madurai
VEKW,IXN,Khowai
VIPK,IXP,Pathankot
VEKM,IXQ,Manik Bhandar
VERC,IXR,Ranchi
VEKU,IXS,Silchar
VEPG,IXT,Pasighat
VAAU,IXU,Aurangabad
VEAN,IXV,Along Airport
VEJS,IXW,Jamshedpur
VOBR,IXX,Bidar
VAKE,IXY,Kandla
VOPB,IXZ,Port Blair
KIYK,IYK,Inyokern
SBZM,IZA,Juiz de Fora
EDHF,IZE,Hohenlockstedt
LTFB,IZM,Selçuk
RJOC,IZO,Izumo
MMIT,IZT,Ixtepec
OAJL,JAA,Jalalabad
YJAB,JAB,Jabiru Airport
KJAC,JAC,Jackson
YPJT,JAD,Perth
SPJE,JAE,Jaén
VCCJ,JAF,Jaffna
OPJA,JAG,Jacobabad
,JAH,Aubagne
VIJP,JAI,Jaipur
MTJA,JAK,Jacmel
MMJA,JAL,Emiliano Zapata
LBIA,JAM,Bezmer
KJAN,JAN,Jackson
MRCH,JAP,Puntarenas
AYJB,JAQ,Jacquinot Bay
OISJ,JAR,Jahrom
KJAS,JAS,Jasper
,JAT,Ailinglapalap Atoll
SPJJ,JAU,Jauja
BGJN,JAV,Ilulissat
SNAB,JAW,Araripina
KJAX,JAX,Jacksonville
WARE,JBB,Jember
ZWQT,JBK,Qitai
MDJB,JBQ,La Isabela
KJBR,JBR,Jonesboro
SSSB,JBS,São Borja
,JBT,Bethel
SSJA,JCB,Joaçaba
BGCH,JCH,Qasigiannguit
KIXD,JCI,New Century
,JCJ,"Chuja, Hach’uja-do"
YJLC,JCK,Julia Creek Airport
LKCS,JCL,České Budějovice
SNJB,JCM,Jacobina
,JCO,Comino
SBEK,JCR,Jacareacanga
SNWS,JCS,Crateús
KJCT,JCT,Junction
GECE,JCU,Ceuta
0TE7,JCY,Stonewall
KGCD,JDA,John Day
,JDE,Hangzhou
SBJF,JDF,Juiz de Fora
RKPD,JDG,Jeju Island
VIJO,JDH,Jodhpur
KJDN,JDN,Jordan
SBJU,JDO,Juazeiro do Norte
SNJR,JDR,São João Del Rei
ZSJD,JDZ,Jingdezhen
OEJN,JED,Jeddah
MTJE,JEE,Carrefour Sanon
KJEF,JEF,Jefferson City
BGAA,JEG,Aasiaat
,JEJ,Ailinglapalap Atoll
FLJK,JEK,Jeki
SNJK,JEQ,Jequié
EGJJ,JER,St. Peter
KJFK,JFK,New York
YFTL,JFM,Fremantle
KHZY,JFN,Ashtabula
BGPT,JFR,Paamiut
VAJM,JGA,Jamnagar
VEJR,JGB,Jagdalpur
ZYJD,JGD,Jiagedaqi
ZLJQ,JGN,Jiayuguan
BGGN,JGO,Qeqertarsuaq
BGGD,JGR,Kangilinnguit
ZSGS,JGS,Ji'an
WMKJ,JHB,Johor Bahru
SBJH,JHF,São Roque
ZPJH,JHG,Jinghong
CAL4,JHL,Albian Village
PHJH,JHM,Lahaina
WIMF,JHN,Mandailing
BGSS,JHS,Sisimiut
KJHW,JHW,Jamestown
SWJN,JIA,Juína
HDAM,JIB,Djibouti City
ZLJC,JIC,Jinchang
9CA3,JID,City of Industry
HAJJ,JIJ,Jijiga
LGIK,JIK,Ikaria Island
ZYJL,JIL,Jilin
HAJM,JIM,Jimma
HUJI,JIN,Jinja
WAPM,JIO,Tiakur
SEJI,JIP,Jipijapa
ZUQJ,JIQ,Qianjiang
VNJI,JIR,Jiri
ZSJJ,JIU,Jiujiang
SBJE,JJD,Cruz
SBJA,JJG,Jaguaruna
SPJI,JJI,Juanjuí
HKMK,JJM,Meru-Kinna
ZSQZ,JJN,Quanzhou
BGQO,JJU,Qaqortoq
ESGJ,JKG,Jönköping
LGHI,JKH,Chios Island
LGKY,JKL,Kalymnos Island
VNJP,JKR,Janakpur
KJSO,JKV,Jacksonville
,JLA,Cooper Landing
VAJL,JLG,Jalgaon
KJLN,JLN,Joplin
VAJB,JLR,Jabalpur
SDJL,JLS,Jales
SNJM,JMA,Manhuaçu
FNJM,JMB,Jamba
ZPJM,JMJ,Pu'er
LGMK,JMK,Mykonos
VNJS,JMO,Jomsom
SBMI,JMR,Maricá
KJMS,JMS,Jamestown
ZYJM,JMU,Jiamusi
SNJN,JNA,Januária
FAOR,JNB,Johannesburg
ZSJG,JNG,Jining
ZSJX,JNH,"Xiuzhou, Hangzhou"
OOJA,JNJ,Duqm
BGNN,JNN,Nanortalik
BGNS,JNS,Narsaq
PAJN,JNU,Juneau
LGNX,JNX,Naxos
ZYJZ,JNZ,Jinzhou
EFJO,JOE,Joensuu
WAHH,JOG,Yogyakarta
FAPJ,JOH,Port St Johns
SBJV,JOI,Joinville
CDL7,JOJ,Hope Bay
UWKJ,JOK,Yoshkar-Ola
RPMJ,JOL,Jolo
HTNJ,JOM,Njombe
AYJS,JOP,Josephstaal
DNJO,JOS,Jos
KJOT,JOT,Joliet
SBJP,JPA,João Pessoa
SNEB,JPE,Paragominas
KJPN,JPN,Washington DC
SNTS,JPO,Patos
SBJI,JPR,Ji-Paraná
SDTK,JPY,Paraty
BGUQ,JQA,Uummannaq
MPJE,JQE,Jaqué
KJRA,JRA,New York
KJRB,JRB,New York
PHJR,JRF,Kapolei
VEJH,JRG,Jharsuguda Airport
VEJT,JRH,Jorhat
ZSRJ,JRJ,Ganzhou
BGAR,JRK,Arsuk
,JRN,Juruena
HTKJ,JRO,Arusha
SNRJ,JRT,Juruti
VIJR,JSA,Jaisalmer Airport
SWBE,JSB,São Benedito
LGST,JSH,Crete Island
LGSK,JSI,Skiathos
ZYJS,JSJ,Jiansanjiang
OIZJ,JSK,Bandar-e-Jask
SAWS,JSM,Chubut
SN6L,JSO,Sobral
VGJR,JSR,Jashore
KJST,JST,Johnstown
BGMQ,JSU,Maniitsoq
LGSO,JSY,Syros Island
SDZG,JTA,Tauá
SBAE,JTC,Bauru
SWJW,JTI,Jataí
SDIM,JTN,Itanhaém
LGSR,JTR,Santorini Island
LGPL,JTY,Astypalaia Island
SIZX,JUA,Juara
HJJJ,JUB,Juba
ZSJH,JUH,Chizhou
EDWJ,JUI,Juist
SASJ,JUJ,San Salvador de Jujuy
BGUT,JUK,Ukkusissat
SPJL,JUL,Juliaca
VNJL,JUM,Jumla
YJDA,JUN,Jundah
SKJU,JUO,Juradó
YJUR,JUR,Jurien Bay
MHJU,JUT,Jutigalpa
BGNQ,JUU,Nuugaatsiaq
BGUK,JUV,Upernavik
ZSJU,JUZ,Quzhou
FMMK,JVA,Ankavandra
,JVI,Manville
KJVL,JVL,Janesville
FBJW,JWA,Jwaneng
OITZ,JWN,Zanjan
RKTI,JWO,Gimseang-ro
ZYJX,JXA,Jixi
KJXN,JXN,Jackson
OIKJ,JYR,Jiroft
EFJY,JYV,Jyväskylän Maalaiskunta
ZUJZ,JZH,Ngawa
K76F,,Wills Point
K79J,,Andalusia
FLKS,KAA,Kasama
FVKB,KAB,Kariba
OSKL,KAC,Qamishli
DNKA,KAD,Kaduna
,KAE,Kake
KAEG,,Albuquerque
,KAF,Karato
RKNN,KAG,Gangneung
YBPK,KAH,Melbourne
SYKA,KAI,Kaieteur Falls
EFKI,KAJ,Kajaani
,KAK,Kar
PAKV,KAL,Kaltag
OYKM,KAM,Kamaran
DNKN,KAN,Kano
EFKS,KAO,Kuusamo
FZSK,KAP,Kapanga
AYKH,KAQ,Kamulai Mission
SYKM,KAR,Kamarang
FYKB,KAS,Karasburg
NZKT,KAT,Awanui
EFKA,KAU,Kauhava
SVKA,KAV,Kavanayén
VYKT,KAW,Kawthoung
KAWO,,Arlington
YKBR,KAX,Kalbarri
NFNW,KAY,Wakaya Island
WAEK,KAZ,Kao
GFKB,KBA,Kabala
KBAZ,,New Braunfels
YKIR,KBB,Kirkimbie
,KBC,Birch Creek
YKBS,KBD,Kimberley Downs
,KBE,Bell Island
WAVG,KBF,Karubaga
,KBH,Kahama
FKKB,KBI,Kribi
YKCA,KBJ,Petermann
VEKI,KBK,Kushinagar
OAKB,KBL,Kabul
AYKB,KBM,Kabwum
FZWT,KBN,Kabinda
FZRM,KBO,Kabalo
UKBB,KBP,Boryspil
FWKG,KBQ,Kasungu
WMKC,KBR,Kota Baharu
GFBO,KBS,Bo
,KBT,Kaben
WAOK,KBU,Stagen
VTSG,KBV,Krabi
,KBW,Chignik
WASU,KBX,Kambuaya-Papua Island
YKBY,KBY,Streaky Bay Airport
NZKI,KBZ,Kaikoura Airport
ZWKC,KCA,Kuqa
SMTP,KCB,Kasikasima
PAKC,KCC,Coffman Cove
WAKM,KCD,Kamur
YCSV,KCE,Collinsville Airport
OPKW,KCF,Kandanwari
PAJC,KCG,Chignik
WBGG,KCH,Kuching
YKLC,KCI,Koolan Island
AYOQ,KCJ,Komaio
UIKK,KCK,Kirensk
,KCL,Chignik Flats
LTCN,KCM,Kahramanmaraş
KCMA,,Camarillo
,KCN,Chernofski Harbor
LTBQ,KCO,Kartepe
UKLK,KCP,Kamyan'ka
,KCQ,Chignik Lake
,KCR,Colorado Creek
YKCS,KCS,Petermann
VCCK,KCT,Galle
HUMI,KCU,Masindi
UNKM,KCY,Krasnoyarsk
RJOK,KCZ,Nankoku
GODK,KDA,Kolda
YKBL,KDB,Kambalda West
DBBK,KDC,Kandi
OPKH,KDD,Khuzdar
AYOW,KDE,Koroba
OAKN,KDH,Kandahar
WAWW,KDI,Kendari
FOGJ,KDJ,N'Djolé
PAKD,KDK,Kodiak
EEKA,KDL,Kärdla
VRMT,KDM,Huvadhu Atoll
FOGE,KDN,Ndende
VRMK,KDO,Kadhdhoo
AYNN,KDP,Kandep
AYTO,KDQ,Kamberatoro Mission
AYKC,KDR,Kandrian
,KDS,Kamaran Downs
VTBK,KDT,Nakhon Pathom
OPSD,KDU,Skardu
NFKD,KDV,Vunisea
,KDW,Kandy
HSLI,KDX,Kadugli
UEMH,KDY,Khandyga
,KDZ,Kandy
UTAE,KEA,Kerki
,KEB,Nanwalek
FZQG,KEC,Kasenga
GQNK,KED,Kaédi
KEDC,,Pflugerville
FCOK,KEE,Kelle
KEET,,Alabaster
BIKF,KEF,Reykjavík
AYLG,KEG,Denglagu Mission
,KEH,Kenmore
WAKP,KEI,Kepi
UNEE,KEJ,Kemerovo
,KEK,Ekwok
EDHK,KEL,Kiel
EFKE,KEM,Kemi
GFKE,KEN,Kenema
DIOD,KEO,Odienne
VNNG,KEP,Nepalgunj
WAUK,KEQ,Kebar
OIKK,KER,Kerman
CZEE,KES,Kelsey
VYKG,KET,Kengtung
HKKE,KEU,Keekorok
EFHA,KEV,Jämsä
CPV8,KEW,Keewaywin
AYNB,KEX,Kanabea
HKKR,KEY,Kericho
,KEZ,Colombo
GQNF,KFA,Kiffa
YFDF,KFE,Cloudbreak Village
YKKG,KFG,Kalkgurung Airport
CRL4,KFM,Kirby Lake
PAKF,KFP,False Pass
LTAL,KFS,Kastamonu
LAKU,KFZ,Kukës
FZUA,KGA,Kananga
AYOE,KGB,Konge
YKSC,KGC,Kingscote Airport
UMKK,KGD,Kaliningrad
AGKG,KGE,Kagau Island
UAKK,KGF,Karaganda
GOTK,KGG,Kédougou
AYJO,KGH,Yongai
YPKG,KGI,Broadwood
FWKA,KGJ,Karonga
PAJZ,KGK,Koliganek
HRYR,KGL,Kigali
AYIM,KGM,Kungim
,KGN,Kasongo-Lunda
UKKG,KGO,Kirovograd
USRK,KGP,Kogalym
BGKS,KGQ,Kangersuatsiaq
,KGR,Ghan
LGKO,KGS,Kos Island
ZUKD,KGT,Garzê
KGTB,,Fort Drum
WBKG,KGU,Keningau
AYKQ,KGW,Kagi
PAGX,KGX,Grayling
YKRY,KGY,Kingaroy Airport
,KGZ,Glacier Creek
OITH,KHA,Khaneh
UKFK,KHC,Kerch
OICK,KHD,Khoram Abad Airport
UKOH,KHE,Kherson
ZWSH,KHG,Kashgar
RCKH,KHH,Kaohsiung
OPKC,KHI,Karachi
EFKJ,KHJ,Kauhajoki
OIBQ,KHK,Khark
VYKI,KHM,Kanti
ZSCN,KHN,Nanchang
,KHO,Khoka Moya
BGKQ,KHQ,Kullorsuaq
ZMHH,KHR,Kharkhorin Airport
KHRT,,Mary Esther
OOKB,KHS,Khasab
OAKS,KHT,Khost
UKHK,KHU,Kremenchuk
UHHH,KHV,Khabarovsk
FBKR,KHW,Khwai River Lodge
,KHX,Kihihi
OITK,KHY,Khoy
KHYI,,San Marcos
NTKA,KHZ,Kauehi
,KIB,Ivanof Bay
KKIC,KIC,King City
ESMK,KID,Kristianstad
AYIQ,KIE,Kieta
CNM5,KIF,Kingfisher Lake
,KIG,Koingnaas
OIBK,KIH,Kish Island
AYLI,KII,Kibuli
RJSN,KIJ,Niigata
ORKK,KIK,Kirkuk
,KIL,Kilwa
FAKM,KIM,Kimberley
MKJP,KIN,Kingston
,KIO,Kili Island
KCWC,KIP,Wichita Falls
AYRA,KIQ,Kira
EIKY,KIR,Farranfore
HKKI,KIS,Kisumu
LGKC,KIT,Kithira Island
HKIU,KIU,Kiunga
FLSO,KIW,Kitwe
RJBB,KIX,Osaka
HTKI,KIY,Kilwa Masoko
UNKL,KJA,Krasnoyarsk
VOKU,KJB,Orvakal
ZUKJ,KJH,Kaili
ZWKN,KJI,Burqin
HUKJ,KJJ,Kampala
EBKT,KJK,Wevelgem
KJKL,,Jackson
KJNX,,Smithfield
ROKR,KJP,Zamami
WICA,KJT,Kertajati
KJWY,,Midlothian
WITO,KJX,Blangpidie
PAKK,KKA,Koyuk
,KKB,Kitoi Bay
VTUK,KKC,Khon Kaen
AYKO,KKD,Kokoda
NZKK,KKE,Kerikeri
SYKZ,KKG,Konawaruk
PADY,KKH,Kongiganak
PFZK,KKI,Akiachak
RJFR,KKJ,Kitakyushu
,KKK,Kalakaket Creek
,KKL,Karluk Lake
VTBL,KKM,Lop Buri
ENKR,KKN,Kirkenes
NZKO,KKO,Kaikohe
YKLB,KKP,Koolburra
USDP,KKQ,Krasnoselkup
NTGK,KKR,Raitahiti
OIFK,KKS,Kashan
K50I,KKT,Kentland
,KKU,Ekuk
FZCA,KKW,Kikwit
RJKI,KKX,Kikai
EIKK,KKY,Kilkenny
VDKK,KKZ,Krong Khemara Phoumin
KL45,,Bakersfield
KL71,,California City
FLKL,KLB,Kalabo
GOOK,KLC,Kaolack
UUEM,KLD,Tver
FKKH,KLE,Kaélé
UUBC,KLF,Kaluga
PALG,KLG,Kalskag
VAKP,KLH,Kolhapur
FZFP,KLI,Kotakoli
HKFG,KLK,Kalokol
,KLL,Levelock
KLLQ,,Monticello
OINE,KLM,Kalaleh
PALB,KLN,Larsen Bay
RPVK,KLO,Kalibo
WAGF,KLP,Seruyan
ESMQ,KLR,Kalmar
KKLS,KLS,Kelso
LOWK,KLU,Klagenfurt am Wörthersee
LKKV,KLV,Karlovy Vary
PAKW,KLW,Klawock
LGKL,KLX,Kalamata
FZOD,KLY,Kalima
FAKZ,KLZ,Kleinsee
AYKM,KMA,Kerema
AYON,KMB,Konambe
OEKK,KMC,King Khaled Military City
HRZA,KME,Kamembe
AYKD,KMF,Hoieti
ZPPP,KMG,Kunming
FAKU,KMH,Kuruman
RJFM,KMI,Miyazaki
RJFT,KMJ,Kumamoto
FCPA,KMK,Makabana
YKML,KML,Kamileroi Airport
WAKJ,KMM,Kimaam
KMMV,,McMinnville
FZSB,KMN,Kamina
PAMB,KMO,Manokotak
FYKT,KMP,Keetmanshoop
RJNK,KMQ,Kanazawa
AYRI,KMR,Karimui
DGSI,KMS,Kumasi
HCMK,KMU,Kismayo
VYKL,KMV,Kalemyo
UUBA,KMW,Kostroma
OEKM,KMX,Khamis Mushait
,KMY,Moser Bay
FLKO,KMZ,Kaoma
SCVM,KNA,Viña del Mar
KKNB,KNB,Kanab
KNBC,,Beaufort
KNCA,,Jacksonville
FZOA,KND,Kindu
KNDZ,,Milton
AYKJ,KNE,Kanainj
EGYM,KNF,"King's Lynn, Norfolk"
KNFG,,Oceanside
WASK,KNG,Kaimana
RCBS,KNH,Shang-I
YKNG,KNI,Katanning Airport
KNID,,China Lake
FCBK,KNJ,Kindamba
PFKK,KNK,Kokhanok
KNKT,,Cherry Point
FZTK,KNM,Kaniama
KNMM,,Lauderdale
GXUD,KNN,Kankan
WIMM,KNO,Beringin
FNCP,KNP,Capanda
NWWD,KNQ,Koné
OIBJ,KNR,Jam
YKII,KNS,King Island Airport
KTKX,KNT,Kennett
VEKA,KNU,Kanpur
PANW,KNW,New Stuyahok
YPKU,KNX,Kununurra
KNXP,,Twentynine Palms
UNKI,KNY,Kodinsk Airport
GAKA,KNZ,Kenieba
PHKO,KOA,Kailua-Kona
NWWK,KOC,Koumac
,KOD,Kotabangun-Borneo Island
WATT,KOE,Kupang
FAKP,KOF,Komatipoort
YKLA,KOH,Maramie
EGPA,KOI,"Kirkwall, Orkney Islands"
RJFK,KOJ,Kagoshima
EFKK,KOK,Kokkola
AYOO,KOM,Komo
FZRQ,KOO,Kongolo
VTUW,KOP,Nakhon Phanom
EDCK,KOQ,Köthen
AYRO,KOR,Kakoro
VDSV,KOS,Preah Sihanouk
PFKO,KOT,Kotlik
FOGK,KOU,Koulamoutou
UACK,KOV,Kokshetau
ZSGZ,KOW,Ganzhou
WAYK,KOX,Kokonao
,KOY,Olga Bay
,KOZ,Ouzinkie
AYKG,KPA,Kopiago
,KPB,Point Baker
PAPC,KPC,Port Clarence
KPCW,,Port Clinton
AYYP,KPE,Yapsiei Airport
AYDL,KPF,Kondobol
WBGP,KPI,Kapit
,KPL,Kapal
AYAQ,KPM,Kompiam Airport
PAKI,KPN,Kipnuk
RKTH,KPO,Pohang
YKPR,KPP,Kalpower
,KPR,Port Williams
YKMP,KPS,Kempsey Airport
,KPT,Jackpot
PAPE,KPV,Perryville
UHMK,KPW,Keperveem
,KPY,Port Bailey
PAUT,KQA,Akutan
VIKG,KQH,Ajmer
AYOL,KQL,Kol
YKAR,KQR,Karara
UTDT,KQT,Bokhtar
YKER,KRA,Kerang Airport
YKMB,KRB,Karumba Airport
WIJI,KRC,Sungai Penuh
YKUR,KRD,Kurundi Station
HBBO,KRE,Kirundo
ESNK,KRF,Nyland
SYKS,KRG,Karasabai
KRGA,,Richmond
KRHP,,Andrews
AYKK,KRI,Kikori
AYQA,KRJ,Amboin
EPKK,KRK,Balice
ZWKL,KRL,Korla
SYKR,KRM,Karanambo
ESNQ,KRN,Kiruna
USUU,KRO,Kurgan
EKKA,KRP,Karup
UKCK,KRQ,Kramatorsk
URKK,KRR,Krasnodar
ENCN,KRS,Kristiansand
HSSK,KRT,Khartoum
AYEA,KRU,Gunim
,KRV,Kimwarer
UTAK,KRW,Turkmenbaşy
AYKR,KRX,Kar Kar Island
ZWKM,KRY,Karamay
KRYY,,Atlanta
FZBT,KRZ,Kiri
PTSA,KSA,Okat
AYNM,KSB,Kasonombe
LZKZ,KSC,Košice
ESOK,KSD,Karlstad
HUKS,KSE,Kasese
EDVK,KSF,Calden
,KSG,Kisenden
OICC,KSH,Kermanshah
GUKU,KSI,Kissidougou
LGKS,KSJ,Kasos Island
ESKK,KSK,Karlskoga
HSKA,KSL,Kassala
KSLI,,Los Alamitos
PASM,KSM,St Mary's
UAUU,KSN,Kostanay
LGKA,KSO,Argos Orestiko
KSOA,,Sonora
AYOP,KSP,Kosipe Mission
UZSK,KSQ,Karshi
WAWH,KSR,Benteng
GASO,KSS,Sikasso
ENKB,KSU,Kvernberget
KSUZ,,Bryant
YSPV,KSV,Springvale Airport
KSVR,,Salt Lake City
LLKS,KSW,Kiryat Shmona
AYYR,KSX,Yasuru
LTCF,KSY,Kars
ULKK,KSZ,Kotlas
YPKA,KTA,Karratha
,KTB,Thorne Bay
,KTC,Katiola
RORK,KTD,Kitadaitōjima
WMKE,KTE,Kerteh
NZTK,KTF,Takaka Airport
WIOK,KTG,Ketapang
AK56,KTH,Tikchik
VDTI,KTI,Phnom Penh
HKTB,KTJ,Kichwa Tembo
HKKT,KTL,Kitale
VNKT,KTM,Kathmandu
PAKT,KTN,Ketchikan
SYKT,KTO,Kato
MKTP,KTP,Tinson Pen
EFIT,KTQ,Kitee
YPTN,KTR,Tindal Airport
PFKT,KTS,Brevig Mission
EFKT,KTT,Kittilä
KTTS,,Titusville
VIKO,KTU,Kota
SVKM,KTV,Kamarata
EPKT,KTW,Katowice
VCCN,KTY,Kalutara
WMKD,KUA,Kuantan
KUAO,,Aurora
NGKT,KUC,Kuria
WBKT,KUD,Kudat
AGKU,KUE,Kolombangara Island
UWWW,KUF,Samara
YKUB,KUG,Kubin Island
RJCK,KUH,Kushiro
PFKA,KUK,Kasigluk
WMKK,KUL,Sepang
RJFC,KUM,Yakushima
EYKA,KUN,Kaunas
EFKU,KUO,Kuopio
,KUP,Kupiano
AYKU,KUQ,Kuri
OARZ,KUR,Skazar
BGKK,KUS,Kulusuk
UGKO,KUT,Kopitnari
VIBR,KUU,Bhuntar
RKJK,KUV,Gunsan
AYUY,KUX,Kuyol Airport
AYKS,KUY,Kamusi
BGKM,KUZ,Kuummiut
LGKV,KVA,Kavala
ESGR,KVB,Skövde
PAVC,KVC,King Cove
,KVE,Kitava Island
AYKV,KVG,Kavieng
ULMK,KVK,Apatity
PAVL,KVL,Kivalina
UHMO,KVM,Markovo
LYKV,KVO,Kraljevo
UHWK,KVR,Kavalerovo
,KVU,Korolevu
USKK,KVX,Kirov
KW63,,Clarksville
PKWA,KWA,Kwajalein
WAHU,KWB,Karimunjawa
,KWD,Kavadja
ZUGY,KWE,Guiyang
POKW,KWF,Waterfall
UKDR,KWG,Kryvyi Rih
OAHN,KWH,Khwahan
OKKK,KWI,Kuwait City
RKJJ,KWJ,Gwangju
PAGG,KWK,Kwigillingok
ZGKL,KWL,Guilin
YKOW,KWM,Kowanyama
PAQH,KWN,Quinhagak
AYKW,KWO,Kawito
,KWP,West Point
AGKW,KWS,Kwailabesi
PFKW,KWT,Kwethluk
HKWY,KWY,Kiwayu
FZQM,KWZ,Kolwezi
KX51,,Homestead
,KXA,Kasaan
WAWP,KXB,Kolaka
USHK,KXD,Kondinskoye
FAKD,KXE,Klerksdorp
NFNO,KXF,Koro Island
UHKK,KXK,Komsomolsk-on-Amur
KXMR,,Cocoa Beach
HUKI,KXO,Kisoro
KXTA,,Groom Lake
NTKT,KXU,Katiu
LTAN,KYA,Konya
YKBA,KYB,Ken's Bore
RCLY,KYD,Orchid Island
OLKA,KYE,Tripoli
YYLR,KYF,Yeelirrie Airport
YYTA,KYI,Yalata Mission
PAKY,KYK,Karluk
,KYO,Tampa
VYKP,KYP,Kyaukpyu
GAKD,KYS,Kayes
VYKU,KYT,Kyauktu
PFKU,KYU,Koyukuk
AYYE,KYX,Yalumet
UNKY,KYZ,Kyzyl
,KZB,Zachar Bay
VDSY,KZD,Krakor
AYKT,KZF,Kaintiba
EDGY,KZG,Kitzingen
LGKZ,KZI,Kozani
UWKD,KZN,Kazan
UAOO,KZO,Kyzylorda
LTBZ,KZR,Altıntaş
LGKJ,KZS,Kastelorizo Island
KLAA,LAA,Lamar
AYLB,LAB,Lab Lab Mission
,LAC,Pulau Layang-Layang
FNLU,LAD,Luanda
AYNZ,LAE,Lae
KLAF,LAF,West Lafayette
WAEL,LAH,Labuha-Halmahera Island
LFRO,LAI,Lannion
SBLJ,LAJ,Lages
CYKD,LAK,Aklavik
LAKV,,Kuçovë
KLAL,LAL,Lakeland
KLAM,LAM,Los Alamos
KLAN,LAN,Lansing
RPLI,LAO,Laoag City
MMLP,LAP,La Paz
HLLQ,LAQ,Al Albraq
KLAR,LAR,Laramie
KLAS,LAS,Las Vegas
HKLU,LAU,Lamu
KLAW,LAW,Lawton
KLAX,LAX,Los Angeles
FALY,LAY,Ladysmith
SBLP,LAZ,Bom Jesus da Lapa
EGNM,LBA,"Leeds, West Yorkshire"
KLBB,LBB,Lubbock
EDHL,LBC,Lübeck
UTDL,LBD,Khujand
KLBE,LBE,Latrobe
KLBF,LBF,North Platte
LFPB,LBG,Paris
,LBH,Sydney
LFCI,LBI,Albi
WATO,LBJ,"Labuan Bajo, Manggarai Barat"
,LBK,Liboi
KLBL,LBL,Liberal
,LBM,Luabo
,LBN,Akorian
FZVI,LBO,Lusambo
,LBP,Long Banga
LBPG,,Graf Ignatievo
LBPL,,Dolna Mitropoliya
FOGR,LBQ,Lambarene
SWLB,LBR,Lábrea
NFNL,LBS,Labasa
KLBT,LBT,Lumberton
WBKL,LBU,Labuan
FOOL,LBV,Libreville
WAQJ,LBW,Long Bawan
LBWB,,Balchik
RPLU,LBX,Lubang
LFRE,LBY,La Baule-Escoublac
FNLK,LBZ,Lucapa
LCLK,LCA,Larnaca
SWBG,LCB,Pontes e Lacerda
LIBN,LCC,Galatina
FALO,LCD,Louis Trichardt
MHLC,LCE,La Ceiba
MGRD,LCF,Rio Dulce
LECO,LCG,Culleredo
KLCH,LCH,Lake Charles
KLCI,LCI,Laconia
EPLL,LCJ,Łódź
KLCK,LCK,Columbus
SACC,LCM,La Cumbre
YBLC,LCN,Balcanoona Airport
FCBL,LCO,Lague
,LCP,Loncopue
KLCQ,LCQ,Lake City
SKHZ,LCR,La Chorrera
,LCS,Dehong
,LCT,Shijiazhuang
ZSLO,LCX,Longyan
EGLC,LCY,London
VEMH,LDA,Malda
SBLO,LDB,Londrina
YLIN,LDC,Lindeman Island
LFBT,LDE,Tarbes
ULAL,LDG,Leshukonskoye
YLHI,LDH,Lord Howe Island
HTLI,LDI,Lindi
KLDJ,LDJ,Linden
ESGL,LDK,Lidköping
KLDM,LDM,Ludington
VNLD,LDN,Lamidanda
SMDO,LDO,Aurora
ZYLD,LDS,Yichun
WBKD,LDU,Lahad Datu
LFRJ,LDV,Landivisiau
,LDW,Lansdowne Station
SOOM,LDX,Saint-Laurent-du-Maroni
EGAE,LDY,"Derry, Derry and Strabane"
FALD,LDZ,Londolozi
LDZU,,Udbina
YPLM,LEA,Exmouth
KLEB,LEB,Lebanon
SBLE,LEC,Lençóis
LECU,,Madrid
ULLI,LED,St. Petersburg
KLEE,LEE,Leesburg
FXLK,LEF,Lebakeng
LEGA,,Armilla
LEGT,,Getafe
LFOH,LEH,Le Havre
LEAM,LEI,Almería
EDDP,LEJ,Schkeuditz
GULB,LEK,Labé
YLEV,LEL,Lake Evella Airport
LELC,,San Javier
KLEM,LEM,Lemmon
LELN,LEN,La Virgen del Camino
,LEO,Lekoni
,LEP,Leopoldina
EGHC,LEQ,"Land's End, Cornwall"
YLST,LER,Leinster Airport
LERI,,Alcantarilla
FXLS,LES,Lesobeng
SKLT,LET,Leticia
LESU,LEU,La Seu d'Urgell Pyrenees and
NFNB,LEV,Bureta
KLEW,LEW,Auburn
KLEX,LEX,Lexington
EHLE,LEY,Lelystad
MHLE,LEZ,La Esperanza
LFAG,,"Monchy-Lagache, Somme"
LFAV,,Prouvy
LFAY,,Amiens
FQLU,LFB,Lumbo
LFBC,,Cazaux
LFBF,,Toulouse
LFBM,,Mont-de-Marsan
LFCG,,Saint-Girons
LFCH,,Arcachon
LFDH,,Auch
LFGW,,Sommedieue
,LFH,Lanping Bai
KLFI,LFI,Hampton
KLFK,LFK,Lufkin
LFLI,,Annemasse
LFLM,,"Charnay-lès-Mâcon, Saône-et-"
OISR,LFM,Lamerd
LFMC,,"Le Cannet-des-Maures, Var"
LFMI,,"Istres, Bouches-du-Rhône"
LFMO,,"Orange, Vaucluse"
LFMS,,Alès
LFMY,,Salon
KLHZ,LFN,Louisburg
HAKL,LFO,Kelafo
LFOA,,Avord
LFOC,,"Châteaudun, Eure-et-Loir"
LFOI,,Buigny-Saint-Maclou
LFOJ,,"Boulay-les-Barres, Loiret"
YLFD,LFP,Lakefield
LFPM,,"Moissy-Cramayel, Seine-et-Ma"
ZBLF,LFQ,Linfen
LFQB,,"Barberey-Saint-Sulpice, Aube"
LFQE,,Rouvres-en-Woëvre
LFQP,,Bourscheid
LFQV,,Charleville-Mézières
LFQW,,"Frotey-lès-Vesoul, Haute-Saô"
SVLF,LFR,La Fria Airport
LFRL,,Lanvéoc
LFSI,,Saint-Dizier
LFSM,,Courcelles-lès-Montbéliard
LFSO,,Thuilley-aux-Groseilles
LFSX,,Saint-Sauveur
KLFT,LFT,Lafayette
DXXX,LFW,Lomé
LFXA,,Ambérieu
KLGA,LGA,New York
KLGB,LGB,Long Beach
KLGC,LGC,LaGrange
KLGD,LGD,La Grande
,LGE,Lake Gregory
LGEL,,Elefsina
KLGF,LGF,Yuma Proving Ground
EBLG,LGG,Grâce-Hollogne
YLEC,LGH,Leigh Creek Airport
MYLD,LGI,Deadman's Cay
WMKL,LGK,Langkawi
WBGF,LGL,Long Datih
AYLL,LGN,Linga Linga
EDWL,LGO,Langeoog
SENL,LGQ,Lago Agrio
SCHR,LGR,Cochrane
SAMM,LGS,Malargue
SKGA,LGT,La Gaviota Airport
LGTG,,Tanagra
KLGU,LGU,Logan
EGKK,LGW,London
HCMJ,LGX,Luuq
ZUSH,LGZ,Shannan
EDTL,LHA,Lahr
OPLA,LHE,Lahore
YLRD,LHG,Lightning Ridge Airport
WAJL,LHI,Lereh-Papua Island
ZHGH,LHK,Xiangyang
LHKA,,Kalocsa
LHKE,,Kecskemét
UBLC,LHL,Lachin
SNLN,LHN,Linhares
LHPR,,Győr
EGLL,LHR,London
SAVH,LHS,Las Heras
LHSN,,Szolnok
LHTA,,Taszár
LHTL,,Tököl
FYLS,LHU,Muneambuanas
KLHV,LHV,Lock Haven
ZLLL,LHW,Lanzhou
ZULP,LIA,Liangping
YLIM,LIB,Limbunya
LIBA,,San Giovanni Rotondo
LIBV,,Gioia del Colle
KLIC,LIC,Limon
LICP,,Palermo
LICZ,,Sigonella
LIDT,,Trento
FZFA,LIE,Libenge
LIET,,Arbatax
NWWL,LIF,Lifou
LFBL,LIG,Limoges
PHLI,LIH,"Lihue, Kauai"
WAVA,LII,Mulia-Papua Island
ZSLI,LIJ,Lishui
,LIK,Likiep Island
LFQQ,LIL,Lesquin
LILE,,Cerrione
LILN,,Venegono Superiore
SPJC,LIM,Lima
LIMA,,Torino
LIMG,,Villanova d'Albenga
LIMN,,Cameri
LIMR,,Novi Ligure
LIMS,,San Damiano
LIML,LIN,Segrate
MRLM,LIO,Limón
SWXQ,LIP,Lins
LIPC,,Cervia
LIPI,,Codroipo
LIPL,,Ghedi
LIPS,,Istrana
LIPU,,Padova
FZGA,LIQ,Lisala
LIQS,,Ampugnano
LIQW,,Sarzana
MRLB,LIR,Liberia
LIRE,,Pomezia
LIRG,,Guidonia
LIRL,,Latina
LIRM,,Caserta
LIRU,,Rome
LIRV,,Viterbo
LPPT,LIS,Lisbon
KLIT,LIT,Little Rock
,LIV,Livengood
VYLK,LIW,Loikaw
FWLK,LIX,Likoma Island
KLHW,LIY,Hinesville
ME16,LIZ,Limestone
FZVA,LJA,Lodja
LJCE,,Cerklje ob Krki
ZPLJ,LJG,Lijiang
KLBX,LJN,Angleton
LJLJ,LJU,Zgornji Brnik
WATL,LKA,Tiwatobi
NFNK,LKB,Lakeba Island
,LKC,Lekana
LKCV,,Chotusice
YLND,LKD,Lakeland Downs
,LKE,Seattle
HKLK,LKG,Lokichogio
WBGL,LKH,Long Akah
WIML,LKI,Lubang
PAKL,LKK,Kulik Lake
LKKB,,Prague
ENNA,LKL,Lakselv
LKLN,,Plzen
WAMI,LKM,Lolak
ENLK,LKN,Leknes
LKNA,,Sedlec
VILK,LKO,Lucknow
KLKP,LKP,Lake Placid
,LKR,Las Khorey
KLKV,LKV,Lakeview
OOLK,LKW,Lekhwair
HTLM,LKY,Lake Manyara National Park
EGUL,LKZ,"Brandon, Suffolk"
ESPA,LLA,Luleå
ZULB,LLB,Qiannan
RPLH,LLC,Lal-lo
FAMN,LLE,Malelane
LLEK,,Rehovot
ZGLG,LLF,Yongzhou
YCGO,LLG,Chillagoe
,LLH,La Lima
HALL,LLI,Girany Amba
WIPB,LLJ,Lubuk Linggau
UBBL,LLK,Lankaran
,LLL,Lissadell Station
AGLM,LLM,Lomlom
WAVL,LLN,Kelila
WAFD,LLO,Palopo
LLRD,,Haifa
LLRM,,Beersheba
SATK,LLS,Las Lomitas
FNLB,LLT,Lobito
BGAP,LLU,Alluitsup Paa
ZBLL,LLV,Lüliang
FWKI,LLW,Lumbadzi
KCDA,LLX,Lyndonville
KVAY,LLY,Lumberton
PAMH,LMA,Minchumina
FWSM,LMB,Salima
SKNA,LMC,La Macarena
,LMD,Los Menucos
LFRM,LME,"Le Mans, Sarthe"
MHLN,LMH,Limón
AYLU,LMI,Lumi
,LML,Lae Island
MMLM,LMM,Los Mochis
WBGJ,LMN,Limbang
EGQS,LMO,"Lossiemouth, Moray"
LICD,LMP,Lampedusa
HLMB,LMQ,Marsa al Brega
FALC,LMR,Lime Acres
KLMS,LMS,Louisville
KLMT,LMT,Klamath Falls
WIDL,LMU,Bukit Padi
VRGD,LMV,Naifaru
,LMX,Micay
AYLM,LMY,Lake Murray
,LMZ,Palma
KLNA,LNA,West Palm Beach
NVSM,LNB,Lamen Bay
AYLT,LNC,Lengbati Airport
KLND,LND,Lander
NVSO,LNE,Lonorore
AYYM,LNF,Munbil Airport
AYLS,LNG,Lese
YLKN,LNH,Alpurrurulam
PALN,LNI,Point Lonely
ZPLC,LNJ,Lincang
KLNK,LNK,Lincoln
ZLLN,LNL,Longnan
AYLN,LNM,Langimar Airport
KLNN,LNN,Willoughby
YLEO,LNO,Leonora
KLNP,LNP,Wise
KLNR,LNR,Spring Green
KLNS,LNS,Lancaster
WAQM,LNU,Malinau
AYKY,LNV,Londolovit
,LNX,Smolensk
PHNY,LNY,Lanai City
LOWL,LNZ,Linz
YLOR,LOA,Lorraine Airport
LOAN,,Wiener Neustadt
SCAN,LOB,Los Andes
YLOK,LOC,Lock
NVSG,LOD,Longana
VTUL,LOE,Loei Airport
SECA,LOH,La Toma
SSLN,LOI,Lontras
HKLO,LOK,Lodwar
KLOL,LOL,Lovelock
MMOO,LOM,Lagos de Moreno
DAUL,LOO,Laghouat
WADL,LOP,Mataram
KLOR,LOR,Fort Rucker Ozark
DNMM,LOS,Lagos
KLOT,LOT,Chicago
KLOU,LOU,Louisville
MMMV,LOV,Monclova
KLKU,LOW,Louisa
LOXN,,Wiener Neustadt
LOXZ,,Zeltweg
HKLY,LOY,Loiyangalani
KLOZ,LOZ,London
GCLP,LPA,Gran Canaria Island
LPAR,,Vila Franca de Xira
SLLP,LPB,La Paz
LPBR,,Braga
KLPC,LPC,Lompoc
LPCB,,Castelo Branco
LPCO,,Coimbra
SKLP,LPD,La Pedrera
SKIM,LPE,La Primavera
LPEV,,Évora
ZUPS,LPF,Liupanshui
SADL,LPG,La Plata
ESSL,LPI,Linköping
SVAS,LPJ,Guayabal
UUOL,LPK,Lipetsk
EGGP,LPL,Liverpool
NVSL,LPM,Lamap
LPMR,,Monte Real Air Base
LPMT,,Montijo
AYLP,LPN,Leron Plains
KPPO,LPO,La Porte
LPOV,,Ovar
EFLP,LPP,Lappeenranta
VLLB,LPQ,Luang Phabang
,LPS,Lopez
LPSO,,Ponte de Sor
LPST,,Sintra
VTCL,LPT,Lampang Airport
LPTN,,Tancos
WAQL,LPU,Long Apung-Borneo Island
LPVL,,Maia
EVLA,LPX,Liepāja
LFHP,LPY,"Chaspuzac, Haute-Loire"
KLQK,LQK,Pickens
SKLG,LQM,Puerto Leguízamo
OAQN,LQN,Qala-i-Naw
LGLR,LRA,Larissa
FXLR,LRB,Leribe
LRBO,,Boboc
LRCT,,Câmpia Turzii
KLRD,LRD,Laredo
YLRE,LRE,Longreach
KLRF,LRF,Jacksonville
LRFT,,Borcea
OPLL,LRG,Loralai
LFBH,LRH,La Rochelle
KLRJ,LRJ,Le Mars
DXNG,LRL,Niamtougou
MDLR,LRM,La Romana
CJC8,LRQ,Laurie River
OISL,LRR,Lar
LGLE,LRS,Leros Island
LFRH,LRT,Lorient
KLRU,LRU,Las Cruces
SVRS,LRV,Gran Roque Island
AYKA,LSA,Losuia
KLSB,LSB,Lordsburg
SCSE,LSC,La Serena-Coquimbo
KLSE,LSE,La Crosse
KLSF,LSF,Fort Benning
,LSG,Leshan
LSGC,,La Chaux-de-Fonds
VYLS,LSH,Lashio
EGPB,LSI,"Lerwick, Shetland"
AYLX,LSJ,Long Island
KLSK,LSK,Lusk
MRLC,LSL,Los Chiles
WBGD,LSM,Long Semado
LSMA,,Alpnach
LSMD,,Zurich
KLSN,LSN,Los Banos
LFOO,LSO,Les Sables-d'Olonne
SVJC,LSP,Paraguaná
SCGE,LSQ,Los Angeles
WIMU,LSR,Kutacane
TFFS,LSS,Les Saintes
YMLT,LST,Launceston
WBGU,LSU,Long Sukang
KLSV,LSV,Las Vegas
WIMA,LSW,Lhok Seumawe-Sumatra Island
WITL,LSX,Lhok Sukon-Sumatra Island
YLIS,LSY,Lismore
LDLO,LSZ,Mali Lošinj
LSZG,,Grenchen
FATZ,LTA,Tzaneen
LTAE,,Ankara
LTAV,,Sivrihisar
LTBN,,Kütahya
LTBT,,Akhisar
LTBX,,"Ümraniye, Istanbul"
FTTH,LTC,Lai
HLTD,LTD,Ghadames
,LTF,Leitre
LTFL,,Keşan
VNLT,LTG,Langtang
VVLT,LTH,Ho Chi Minh City
ZMAT,LTI,Altai
OSLK,LTK,Latakia
FOOR,LTL,Lastourville
SYLT,LTM,Lethem
EGGW,LTN,"Luton, Luton"
MMLT,LTO,Loreto
YLHS,LTP,Lyndhurst
LFAT,LTQ,Le Touquet-Paris-Plage
KLTS,LTS,Altus
LFTZ,LTT,Saint-Tropez
VALT,LTU,Latur
YLOV,LTV,Lotus Vale
K2W6,LTW,California
SELT,LTX,Latacunga
VNLK,LUA,Lukla
SYLP,LUB,Lumid Pau
LUBM,,Mărculeşti
NFNH,LUC,Laucala Island
LUCH,,Cahul
FYLZ,LUD,Luderitz
LZLU,LUE,Lučenec
KLUF,LUF,Glendale
LSZA,LUG,Agno
VILD,LUH,Ludhiana Airport
MHCR,LUI,La Unión
KLUK,LUK,Cincinnati
KLUL,LUL,Laurel
ZPMS,LUM,Dehong
FLKK,LUN,Lusaka
FNUE,LUO,Luena
PHLU,LUP,Kalaupapa
SAOU,LUQ,San Luis
PALU,LUR,Cape Lisburne
YLRS,LUT,Laura Station
LUTR,,Tiraspol
YLRA,LUU,Laura Airport
WAPF,LUV,Langgur
WAFW,LUW,Luwok
ELLX,LUX,Luxembourg
EPLB,LUZ,Lublin
LFOV,LVA,"Laval, Mayenne"
,LVD,Lime Village
FLHN,LVI,Livingstone
KLVK,LVK,Livermore
KLVL,LVL,Lawrenceville
KLVM,LVM,Livingston
YLTN,LVO,Laverton
OIBV,LVP,Lavan Airport
SILC,LVR,Lucas do Rio Verde
KLVS,LVS,Las Vegas
,LWA,Lebak
KLWB,LWB,Lewisburg
KLWC,LWC,Lawrence
WATW,LWE,Lewoleba
YLAH,LWH,Lawn Hill Airport
AYLO,LWI,Lowai
EGET,LWK,"Lerwick, Shetland Islands"
KLWL,LWL,Wells
KLWM,LWM,Lawrence
UDSG,LWN,Gyumri
UKLL,LWO,Lviv
EHLW,LWR,Leeuwarden
KLWS,LWS,Lewiston
KLWT,LWT,Lewistown
KLWV,LWV,Lawrenceville
WBGW,LWY,Lawas
ZULS,LXA,Shannan
VLLN,LXG,Luang Namtha
KLXN,LXN,Lexington
HELX,LXR,Luxor
LGLM,LXS,Limnos Island
FLLK,LXU,Lukulu
KLXV,LXV,Leadville
ZHLY,LYA,Luoyang
MWCL,LYB,Blossom Village
ESNL,LYC,Lycksele
ZSLG,LYG,Lianyungang
KLYH,LYH,Lynchburg
ZSLY,LYI,Linyi
WADU,LYK,Lunyuk
LFLY,LYN,"Chassieu, Lyon"
KLYO,LYO,Lyons
OPFA,LYP,Faisalabad
ENSB,LYR,Longyearbyen
LFLL,LYS,"Colombier-Saugnieu, Rhône"
YLTT,LYT,Lady Elliot Island
KELO,LYU,Ely
EGMD,LYX,"Romney Marsh, Kent"
FZUG,LZA,Luiza
MMLC,LZC,Lázaro Cárdenas
ZULA,LZG,Nanchong
ZGZH,LZH,Liuzhou
FZAL,LZI,Luozi
FNLZ,LZM,Luzamba
LZMC,,Kuchyňa
RCFG,LZN,Matsu
ZULZ,LZO,Luzhou
YLZI,LZR,Lizard Island Airport
KLZU,LZU,Lawrenceville
ZUNZ,LZY,Nyingchi
VOMM,MAA,Chennai
SBMA,MAB,Marabá
KMAC,MAC,Macon
LEMD,MAD,Madrid
KMAE,MAE,Madera
KMAF,MAF,Midland
AYMD,MAG,Madang
LEMH,MAH,Mahón
PKMJ,MAJ,Majuro Atoll
HJMK,MAK,Malakal
WAEO,MAL,Mangole Island
MMMA,MAM,Matamoros
EGCC,MAN,"Manchester, Greater Manchest"
SBEG,MAO,Manaus
,MAP,Mamai
VTPM,MAQ,Mae Sot Airport
SVMC,MAR,Maracaibo
AYMO,MAS,Manus Island
FZAM,MAT,Matadi
NTTP,MAU,Maupiti Airport
,MAV,Maloelap Island
KMAW,MAW,Malden
GOSM,MAX,Ouro Sogui
MYAB,MAY,Mangrove Cay
TJMZ,MAZ,Mayaguez
HKMO,MBA,Mombasa
YMBL,MBB,Marble Bar Airport
FOGG,MBC,M'Bigou
FAMM,MBD,Mafeking
RJEB,MBE,Monbetsu
YPOK,MBF,Porepunkah Airport
KMBG,MBG,Mobridge
YMYB,MBH,Maryborough
HTGW,MBI,Mbeya
MKJS,MBJ,Montego Bay
SWXM,MBK,Matupá
KMBL,MBL,Manistee
,MBM,Mkambati
YBAN,MBN,Wunaamin Miliwundi Ranges
RPUM,MBO,Mamburao
SPBB,MBP,Moyobamba
HUMA,MBQ,Mbarara
KMBS,MBS,Freeland
RPVJ,MBT,Masbate
AGGI,MBU,Mbambanakira
AYSX,MBV,Masa
YMMB,MBW,Melbourne
LJMB,MBX,Maribor
KMBY,MBY,Moberly
SWMW,MBZ,Maués
GUMA,MCA,Macenta
KMCB,MCB,McComb
KMCC,MCC,Sacramento
KMCD,MCD,Mackinac Island
KMCE,MCE,Merced
KMCF,MCF,Tampa
PAMC,MCG,McGrath
KMCI,MCI,Kansas City
SKLM,MCJ,La Mina-Maicao
KMCK,MCK,McCook
PAIN,MCL,Denali Park
LNMC,MCM,Fontvieille
KMCN,MCN,Macon
KMCO,MCO,Orlando
SBMQ,MCP,Macapá
SARM,MCS,Monte Caseros
OOMS,MCT,Muscat
LFBK,MCU,"Lépaud, Creuse"
YMHU,MCV,McArthur River Mine
KMCW,MCW,Mason City
URML,MCX,Makhachkala
YBSU,MCY,Maroochydore
SBMO,MCZ,Maceió
KMDA,MDA,San Antonio
MZML,MDB,Hope Creek
WAMM,MDC,Manado
KMDD,MDD,Midland
SKRG,MDE,Medellín
KMDZ,MDF,Medford
ZYMD,MDG,Mudanjiang
KMDH,MDH,Murphysboro
DNMK,MDI,Makurdi
KS33,MDJ,Madras
FZEA,MDK,Mbandaka
VYMD,MDL,Mandalay
AYDK,MDM,Munduku
KIMS,MDN,Madison
PAMD,MDO,Middleton Island
WAKD,MDP,Mindiptana-Papua Island
SAZM,MDQ,Mar del Plata
HKSJ,MDR,Mara Rianta
MBMC,MDS,Middle Caicos
MDSI,,San Isidro
KMDT,MDT,Harrisburg
AYMN,MDU,Mendi
,MDV,"Médouneu, Gabon"
KMDW,MDW,Chicago
SATM,MDX,Mercedes
PMDY,MDY,Sand Island
SAME,MDZ,Mendoza
SBME,MEA,Macaé
YMEN,MEB,Essendon Fields
SEMT,MEC,Manta
OEMA,MED,Medina
NWWR,MEE,Maré
,MEF,Melfi
FNMA,MEG,Malanje
ENMH,MEH,Mehamn
KMEI,MEI,Meridian
KGKJ,MEJ,Meadville
GMFM,MEK,Meknes
YMML,MEL,Melbourne
KMEM,MEM,Memphis
LFNB,MEN,Mende
KMQI,MEO,Manteo
WMAU,MEP,Mersing
WITC,MEQ,Kuala Pesisir
KMER,MER,Merced
WIMK,MES,Medan
YMOT,MET,Moreton
SBMD,MEU,Almeirim
KMEV,MEV,Minden
FZVM,MEW,Mweka
MMMX,MEX,Mexico City
VNMG,MEY,Meghauli
FAMH,MEZ,Musina
HTMA,MFA,Kilindoni
,MFB,Monfort
FXMF,MFC,Mafeteng
KMFD,MFD,Mansfield
KMFE,MFE,McAllen
FOOD,MFF,Moanda
OPMF,MFG,Muzaffarabad
K67L,MFH,Mesquite
KMFI,MFI,Marshfield
NFMO,MFJ,Moala
RCMT,MFK,Matsu
YWDV,MFL,Wando Vale
VMMC,MFM,Nossa Senhora do Carmo
NZMF,MFN,Milford Sound Airport
AYNG,MFO,Manguna
YMCR,MFP,Manners Creek Airport
DRRM,MFQ,Maradi
KMFR,MFR,Medford
SKMF,MFS,Miraflores
FLMF,MFU,Mfuwe
KMFV,MFV,Melfa
LFKX,MFX,Les Allues
AYES,MFZ,Demgulu
MNMG,MGA,Managua
YMTG,MGB,Mount Gambier
KMGC,MGC,Michigan City
SLMG,MGD,Magdalena
KMGE,MGE,Marietta
SBMG,MGF,Maringá
FAMG,MGH,Margate
,MGI,Matagorda Island
KMGJ,MGJ,Montgomery
VYMT,MGK,Mong Tong
EDLN,MGL,Mönchengladbach
KMGM,MGM,Montgomery
SKMG,MGN,Magangué
,MGP,Manga Mission
HCMM,MGQ,Mogadishu
KMGR,MGR,Moultrie
NCMG,MGS,Mangaia Island
YMGB,MGT,Milingimbi Island
VYMN,MGU,Manaung
YMGR,MGV,Margaret RiverAirport
KMGW,MGW,Morgantown
FOGI,MGX,Moabi
KMGY,MGY,Dayton
VYME,MGZ,Mkeik
SYMD,MHA,Mahdia
NZMB,MHB,Auckland City
SCPQ,MHC,Dalcahue
OIMM,MHD,Mashhad
KMHE,MHE,Mitchell
,MHF,Morichal
EDFM,MHG,Mannheim
MYAM,MHH,Marsh Harbour
HDMO,MHI,Moucha Island
KMHK,MHK,Manhattan
KMHL,MHL,Marshall
AGOB,MHM,Manaoba
,MHN,Mullen
YMHO,MHO,Wunaamin Miliwundi Ranges
EFMA,MHQ,Mariehamn
KMHR,MHR,Sacramento
K1O6,MHS,Dunsmuir
KMHT,MHT,Manchester
YHOT,MHU,Mount Hotham
KMHV,MHV,Mojave
SLAG,MHW,El Bañado
NCMH,MHX,Manihiki Island
AYEH,MHY,Morehead
EGUN,MHZ,"Bury Saint Edmunds, Suffolk"
KMIA,MIA,Miami
KMIB,MIB,Minot
KMIC,MIC,Minneapolis
MMMD,MID,Mérida
KMIE,MIE,Muncie
,MIF,Monahans
ZUMY,MIG,Mianyang
YMIP,MIH,Mitchell Plateau
SBML,MII,Marília
,MIJ,Mili Island
EFMI,MIK,Mikkeli
YMER,MIM,Merimbula
YMPA,MIN,Minnipa Airport
KMIO,MIO,Miami
LLMR,MIP,Mitzpe Ramon
KMLE,MIQ,Omaha
DTMB,MIR,Monastir
AYMS,MIS,Misima Island
KMIT,MIT,Shafter
DNMA,MIU,Maiduguri
KMIV,MIV,Millville
KMIW,MIW,Marshalltown
,MIX,Mirití-Paraná
YMTA,MIY,Mittebah Airport
,MIZ,Mainoru
FMSJ,MJA,Manja
,MJB,Mejit Atoll
DIMN,MJC,Man Airport
OPMJ,MJD,Moenjodaro
,MJE,Majkin
ENMS,MJF,Mosjøen
MUMJ,MJG,Mayajigua
HLLM,MJI,Tripoli
,MJJ,Moki
YSHK,MJK,Denham
FOGM,MJL,Mouila
FZWA,MJM,Mbuji Mayi
FMNM,MJN,Mahajanga
FYME,MJO,Mount Etjo Safari Lodge
YMJM,MJP,Manjimup Airport
KMJQ,MJQ,Jackson
SAEM,MJR,Miramar
,MJS,Maganja
LGMT,MJT,Mytilene
WAFJ,MJU,Mamuju
FVMH,MJW,Gonarezhou National Park
KMJX,MJX,Toms River
UNIM,MJY,Motygino
UERR,MJZ,Mirny
FOOE,MKB,Mekambo
KMKC,MKC,Kansas City
KMKE,MKE,Milwaukee
KMKG,MKG,Muskegon
FXMK,MKH,Mokhotlong
FEGE,MKI,Mboki
FCOM,MKJ,Makoua
PHMK,MKK,Kaunakakai
KMKL,MKL,Jackson
WBGK,MKM,Mukah
AYMV,MKN,Babase Island
KMKO,MKO,Muskogee
NTGM,MKP,Makemo
WAKK,MKQ,Merauke
YMEK,MKR,Meekatharra Airport
HAMA,MKS,Mekane Selam
KMKT,MKT,Mankato
FOOK,MKU,Makokou
WAUU,MKW,Manokwari
YBMK,MKY,Mackay
WMKM,MKZ,Malacca
LMML,MLA,Valletta
KMLB,MLB,Melbourne
KMLC,MLC,Mc Alester
KMLD,MLD,Malad City
VRMM,MLE,Malé
KMLF,MLF,Milford
WARA,MLG,Malang
KMLI,MLI,Moline
KMLJ,MLJ,Milledgeville
KM75,MLK,Malta
PADM,MLL,Marshall
MMMM,MLM,Morelia
GEML,MLN,Melilla
LGML,MLO,Milos Island
RPMM,MLP,Malabang
AYMP,MLQ,Malalaua
YMCT,MLR,Millicent Airport
KMLS,MLS,Miles City
KMLT,MLT,Millinocket
KMLU,MLU,Monroe
YMEU,MLV,Merluna
GLMR,MLW,Monrovia
LTAT,MLX,Malatya
PAML,MLY,Manley Hot Springs
SUMO,MLZ,Melo
RJCM,MMB,Ōzora
MMDM,MMC,Ciudad Mante
ROMD,MMD,Minamidaito
EGNV,MME,"Darlington, Durham"
FKKF,MMF,Mamfe
YMOG,MMG,Mount Magnet Airport
MMGA,,Bocoyna
KMMH,MMH,Mammoth Lakes
KMMI,MMI,Athens
RJAF,MMJ,Matsumoto
ULMM,MMK,Murmansk
KMML,MML,Marshall
YMMU,MMM,Middlemount Airport
K6B6,MMN,Stow
GVMA,MMO,Vila do Maio
SKMP,MMP,Santa Cruz de Mompóx
FLBA,MMQ,Mbala
KMMS,MMS,Marks
KMMT,MMT,Eastover
MMTB,,Tuxtla Gutiérrez
KMMU,MMU,Morristown
AYMM,MMV,Mal Island
ESMS,MMX,Malmö
ROMY,MMY,Miyakojima
OAMN,MMZ,Maymana
WAMN,MNA,Karakelong Island
FZAG,MNB,Muanda
FQNC,MNC,Nacala
,MND,Medina
YMUG,MNE,Mungeranie
NFMA,MNF,Mana Island
YMGD,MNG,Maningrida
OOMN,MNH,Al Masna'ah
TRPG,MNI,Gerald's Park
FMSM,MNJ,Mananjary
NGMA,MNK,Maiana
RPLL,MNL,Manila
KMNM,MNM,Menominee
KMNN,MNN,Marion
FZRA,MNO,Manono
,MNP,Hermit Islands
YMTO,MNQ,Monto Airport
FLMG,MNR,Mongu
FLMA,MNS,Mansa
,MNT,Minto
VYMM,MNU,Mawlamyine
YMVY,MNV,Mount Valley Airport
YMDS,MNW,Macdonald Downs Airport
SBMY,MNX,Manicoré
AGGO,MNY,Stirling Island
KHEF,MNZ,Manassas
MUMO,MOA,Moa
KMOB,MOB,Mobile
SBMK,MOC,Montes Claros
KMOD,MOD,Modesto
VYMO,MOE,Momeik Airport
WATC,MOF,Waioti
VYMS,MOG,Mong Hsat
WAFO,MOH,Morowali
NCMR,MOI,Mitiaro Island
SMMO,MOJ,Moengo
UZNM,MOK,Muynak
ENML,MOL,Årø
GQNL,MOM,Moudjeria
NZMC,MON,Mount Cook Airport
YOOM,MOO,Moomba
KMOP,MOP,Mount Pleasant
FMMV,MOQ,Morondava
KMOR,MOR,Morristown
,MOS,Elim
KMOT,MOT,Minot
PAMO,MOU,Mountain Village
YMRB,MOV,Moranbah
KMOX,MOX,Morris
,MOY,Monterrey
NTTM,MOZ,Moorea-Maiao
FYKM,MPA,Mpacha
KX44,MPB,Miami
WIGM,MPC,Muko Muko
OPMP,MPD,Sindhri
AYPO,MPF,Mapoda
AYMJ,MPG,Makini
RPVE,MPH,Caticlan
,MPI,Mamitupu
KMPJ,MPJ,Morrilton
LFMT,MPL,Montpellier
FQMA,MPM,Maputo
EGYP,MPN,Mount Pleasant
KMPO,MPO,Mount Pocono
MPMU,MPP,Mulatupo
KMPR,MPR,Mc Pherson
KOSA,MPS,Mount Pleasant
WPMN,MPT,Maliana
AYMZ,MPU,Tatau Island
KMPV,MPV,Barre
UKCM,MPW,Mariupol
AYIY,MPX,Miyanmin
SOOA,MPY,Maripasoula
KMPZ,MPZ,Mount Pleasant
YMDI,MQA,Eighty Mile Beach
KMQB,MQB,Macomb
LFVM,MQC,Miquelon
SAVQ,MQD,Maquinchao
YMQA,MQE,Marqua
USCM,MQF,Magnitogorsk
FYMG,MQG,Midgard
SWIQ,MQH,Minaçu
UEMA,MQJ,Khonuu
SLTI,MQK,San Matías
YMIA,MQL,Mildura
LTCR,MQM,Mardin
ENRA,MQN,Mo i Rana
AYMQ,MQO,Malam
FAKN,MQP,Mbombela
FTTD,MQQ,Moundou
,MQR,Mosquera
TVSM,MQS,Lovell
KSAW,MQT,Gwinn
SKQU,MQU,Mariquita
DA14,MQV,Sayada
KMQW,MQW,Mc Rae
HAMK,MQX,Mekele
KMQY,MQY,Smyrna
YMGT,MQZ,Margaret River Airport
HLMS,MRA,Misrata
MRAO,,Roxana
KMRB,MRB,Martinsburg
KMRC,MRC,Columbia
SVMD,MRD,Mérida
HKMS,MRE,Serena
KMRF,MRF,Marfa
YMBA,MRG,Mareeba
AYRV,MRH,May River
PAMR,MRI,Anchorage
KMKY,MRK,Marco Island
AYMA,MRM,Manari
KMRN,MRN,Morganton
NZMS,MRO,Masterton
YALA,MRP,Marla
RPUW,MRQ,Gasan
SEMA,MRR,Macará
LFML,MRS,"Marignane, Bouches-du-Rhône"
,MRT,Moroak
FIMP,MRU,Plaine Magnien
URMM,MRV,Mineralnyye Vody
EKMB,MRW,Rødby
OIAM,MRX,Mahshahr
KMRY,MRY,Monterey
YMOR,MRZ,Moree
CZMD,MSA,Muskrat Dam
,MSB,Saint Martin
KFFZ,MSC,Mesa
YMNS,MSF,Mount Swan Airport
FXMA,MSG,Matsaile
OOMA,MSH,Masirah
,MSI,Masalembo Island
RJSM,MSJ,Misawa
SKMO,MSK,Puerto Gaitán
KMSL,MSL,Muscle Shoals
FZCV,MSM,Masi Manimba
KMSN,MSN,Madison
KMSO,MSO,Missoula
KMSP,MSP,Minneapolis
UMMS,MSQ,Minsk
LTCK,MSR,Muş
KMSS,MSS,Massena
EHBK,MST,Maastricht
FXMM,MSU,Maseru
KMSV,MSV,Monticello
HHMS,MSW,Massawa
FCMM,MSX,Mossendjo
KMSY,MSY,New Orleans
FNMO,MSZ,Moçâmedes
NZMA,MTA,Matamata Glider Airport
SKML,MTB,Montelíbano
KMTC,MTC,Mount Clemens
YMSF,MTD,Mount Sanford Station Airpor
SNMA,MTE,Monte Alegre
HAMT,MTF,Mizan Teferi
,MTG,Vila Bela Da Santíssima Trin
KMTH,MTH,Marathon
GVMT,MTI,Vila do Mosteiros
KMTJ,MTJ,Montrose
NGMN,MTK,Makin Island
YMND,MTL,Maitland Airport
PAMM,MTM,Metlakatla
KMTN,MTN,Baltimore
KMTO,MTO,Mattoon
KMTP,MTP,Montauk
YMIT,MTQ,Mitchell Airport
SKMR,MTR,Montería
FDMS,MTS,Manzini
MMMT,MTT,Cosoleacaque
,MTU,Montepuez
NVSA,MTV,Ablow
KMTW,MTW,Manitowoc
,MTX,Fairbanks
MMMY,MTY,Monterrey
LLMZ,MTZ,Masada
AGGM,MUA,Munda
FBMN,MUB,Maun
EDDM,MUC,Munich
FQMD,MUD,Mueda
PHMU,MUE,Waimea
MMMG,MUG,Mulege
HEMM,MUH,Marsa Matruh
KMUI,MUI,Fort Indiantown Gap
HAMR,MUJ,Omo National Park
NCMK,MUK,Mauke Island
KMUL,MUL,Moultrie
,MUM,Muli
SVMT,MUN,Maturín
MUNB,,San Nicolás de Bari
KMUO,MUO,Mountain Home
YMUP,MUP,Mulga Park Airport
YMUC,MUQ,Muccan Station
WBGM,MUR,Marudi
RJAM,MUS,Ogasawara
KMUT,MUT,Muscatine
SIRI,MUU,Maraú
DAOV,MUW,Ghriss
OPMT,MUX,Multan
FCBM,MUY,Mouyondzi
HTMU,MUZ,Musoma
BIRL,MVA,Myvatn
FOON,MVB,Franceville
KMVC,MVC,Monroeville
SUMU,MVD,Ciudad de la Costa
KMVE,MVE,Montevideo
SBMS,MVF,Mossoró
YMUK,MVK,Mulka
KMVL,MVL,Morrisville
K0V7,MVM,Kayenta
KMVN,MVN,Mount Vernon
FTTM,MVO,Mongo
SKMU,MVP,Mitú
UMOO,MVQ,Mogilev
FKKL,MVR,Maroua
SNMU,MVS,Mucuri
NTGV,MVT,Mataiva Airport
YMGV,MVU,Musgrave
LFHM,MVV,Megève
KBVS,MVW,Burlington
FOGV,MVX,Minvoul
KMVY,MVY,Martha's Vineyard
FVMV,MVZ,Masvingo
KMWA,MWA,Marion
YMRW,MWB,Morawa Airport
KMWC,MWC,Milwaukee
OPMI,MWD,Mianwali
HSMN,MWE,Merowe
NVSN,MWF,Maewo Island
AYMW,MWG,Marawaka
KMWH,MWH,Moses Lake
AYRM,MWI,Maramuni
SYMR,MWJ,Matthews Ridge
WIDM,MWK,Palmatak
KMWL,MWL,Mineral Wells
KMWM,MWM,Windom
HTMD,MWN,Mwadui
KMWO,MWO,Middletown
VYMW,MWQ,Magway
,MWR,Motswari Private Game Reserv
WAMP,MWS,Morowali
YMWT,MWT,Moolawatana Station
,MWU,Mussau Island
VDMK,MWV,Sen Monorom
RKJB,MWX,Muan
YMIR,MWY,Miranda Downs
HTMW,MWZ,Mwanza
KMXA,MXA,Manila
WAFM,MXB,Masamba
,MXC,Monticello
YMWX,MXD,Marion Downs
KMEB,MXE,Maxton
KMXF,MXF,Montgomery
AYMR,MXH,Moro
RPMQ,MXI,Mati
DNMN,MXJ,Minna
AYMI,MXK,Mindik
MMML,MXL,Mexicali
FMSR,MXM,Morombe
LFRU,MXN,Morlaix
KMXO,MXO,Monticello
LIMC,MXP,Ferno
SNCL,MXQ,Cairu
UKBM,MXR,Myrhorod
NSMA,MXS,Maota
FMMO,MXT,Maintirano
YMWA,MXU,Mullewa Airport
ZMMN,MXV,Mörön
ZMMG,MXW,Mandalgobi
ESKM,MXX,Mora
PAMX,MXY,Mccarthy
ZGMX,MXZ,Meizhou
YMRY,MYA,Moruya
FOOY,MYB,Mayumba
SVBS,MYC,Maracay
HKML,MYD,Malindi
RJTQ,MYE,Miyakejima
KMYF,MYF,San Diego
MYMM,MYG,Abraham Bay Settlement
KL41,MYH,Marble Canyon
YMAE,MYI,Murray Island
RJOM,MYJ,Matsuyama
KMYK,MYK,May Creek
KMYL,MYL,McCall
MYLR,,Hard Bargain Airport
SYMM,MYM,Monkey Mountain
OYMB,MYN,Marib
YMYR,MYO,Myroodan Station Airport
UTAM,MYP,Mary
VOMY,MYQ,Mysore
KMYR,MYR,Myrtle Beach
,MYS,Moyale
VYMK,MYT,Myitkyina
PAMY,MYU,Mekoryuk
KMYV,MYV,Marysville
HTMT,MYW,Mtwara
AYMC,MYX,Menyamya
WBGR,MYY,Miri
FWMY,MYZ,Monkey Bay
SPMF,MZA,Mazamari
FQMP,MZB,Mocímboa da Praia
FOOM,MZC,Mitzic
,MZD,Santiago de Méndez
MZSL,MZE,Spanish Lookout
RCQC,MZG,Huxi
LTAP,MZH,Amasya
GAMB,MZI,Sévaré
KMZJ,MZJ,Marana
NGMK,MZK,Marakei
SKMZ,MZL,Manizales
,MZN,Minj
MUMZ,MZO,Manzanillo
NZMK,MZP,Motueka Airport
FAMU,MZQ,Mkuze
OAMS,MZR,Mazar-i-Sharif
VIMB,MZS,Moradabad
MMMZ,MZT,Mazatlàn
VEMZ,MZU,Muzaffarpur
WBMU,MZV,Mulu
DAAY,MZW,Mecheria
FAMO,MZY,Mossel Bay
KMZZ,MZZ,Marion
YNBR,NAA,Narrabri
YNRC,NAC,Naracoorte Airport
,NAD,Macanal
DBBN,NAE,Natitingou
,NAF,Banaina-Borneo Island
VANP,NAG,Nagpur
WAMH,NAH,"Tabukan Utara, Sangihe Islan"
SYAN,NAI,Annai
UBBN,NAJ,Nakhchivan
VTUQ,NAK,Chaloem Phra Kiat
URMN,NAL,Nalchik
WAPN,NAM,Namniwel
NFFN,NAN,Nadi
ZUNC,NAO,Nanchong
LIRN,NAP,Napoli
BGQQ,NAQ,Qaanaaq
SKPN,NAR,Armenia
MYNN,NAS,Nassau
SBSG,NAT,Natal
NTGN,NAU,Napuka Island
LTAZ,NAV,Nevşehir
VTSC,NAW,Narathiwat Airport
ZBNY,NAY,Beijing
AGNA,NAZ,Star Harbor
AYNY,NBA,Nambaiyufa
SKBM,NBB,Barranco Minas
UWKE,NBC,Nizhnekamsk
DTNH,NBE,Enfidha
KNBG,NBG,New Orleans
YNAA,NBH,Nambucca Heads
FNBJ,NBJ,Luanda
MPWN,NBL,San Blas
FGAN,NBN,San Antonio de Palé
HKJK,NBO,Nairobi
ZYBS,NBS,Baishan
MUGM,NBW,Guantanamo Bay Naval Station
WABI,NBX,Nabire
MBNC,NCA,North Caicos
LFMN,NCE,"Nice, Alpes-Maritimes"
MMCG,NCG,Nuevo Casas Grandes
HTNA,NCH,Nachingwea
SKNC,NCI,Necocli
SAFS,NCJ,Sunchales
EGNT,NCL,"Newcastle upon Tyne, Tyne an"
PFCB,NCN,Chenega
KOQU,NCO,North Kingstown
MNSC,NCR,San Carlos
FANC,NCS,Newcastle
MRNC,NCT,Nicoya
UZNN,NCU,Nukus
LFLP,NCY,Annecy
WAPC,NDA,Bandanaira
GQPP,NDB,Nouadhibou
VOND,NDC,Nanded
FNSU,NDD,Sumbe
HKMA,NDE,Mandera
,NDF,N'dalatando
ZYQQ,NDG,Qiqihar
AYNJ,NDI,Namudi
FTTJ,NDJ,N'Djamena
,NDK,Namorik Atoll
FEFN,NDL,N'Délé
HAMN,NDM,Mendi
AYNC,NDN,Nadunumu
GMMW,NDR,Al Aaroui
YSAN,NDS,Sandstone
FYRU,NDU,Rundu
EGES,NDY,Sanday
SAZO,NEC,Necochea
MKNG,NEG,Negril
UHWT,NEI,Terney
HANJ,NEJ,Nejo
HANK,NEK,Nekemte
KNEL,NEL,Lakehurst
KNEN,NEN,Jacksonville
UELL,NER,Neryungri
VLSN,NEU,Sam Neua Airport
TKPN,NEV,Charlestown
KNEW,NEW,New Orleans
USRN,NFG,Nefteyugansk
KNFL,NFL,Fallon
NFTO,NFO,"Angaha, Niuafo'ou Island"
HLNR,NFR,Nafurah 1
YYNG,NGA,Young Airport
ZSNB,NGB,Ningbo
TUPA,NGD,Anegada
FKKN,NGE,N'Gaoundéré
PHNG,NGF,Kaneohe
NFNG,NGI,Ngau
UHSN,NGK,Nogliki
FANG,NGL,Ngala
RJGG,NGO,Tokoname
KNGP,NGP,Corpus Christi
ZUAL,NGQ,Shiquanhe
RJFU,NGS,Nagasaki
KNGU,NGU,Norfolk
KNGW,NGW,Corpus Christi
VNMA,NGX,Ngawal
OMDM,NHD,Dubai
HSNW,NHF,New Halfa
KNHK,NHK,Patuxent River
EGWU,NHT,"Northolt, Greater London"
NTMD,NHV,Nuku Hiva
KNBJ,NHX,Foley
KBXM,NHZ,Brunswick
GLNA,NIA,Nimba
PAFS,NIB,Nikolai
YCNF,NIF,Camp Nifty Airport
NGNU,NIG,Nikunau
,NIK,Niokolo-Koba National Park
DRRN,NIM,Niamey
,NIN,Ninilchik
FZBI,NIO,Nioki
KNIP,NIP,Jacksonville
BGNT,NIQ,Niaqornat
KTX2,NIR,Beeville
AYSE,NIS,Simberi Island
LFBN,NIT,Niort
NTKN,NIU,Naiu Atoll
GANR,NIX,Nioro du Sahel
RJTA,NJA,Ayase
USNN,NJC,Nizhnevartovsk
ORNI,NJF,Najaf
ZYNJ,NJJ,Heihe
KNJK,NJK,El Centro
,NKA,Ntoum
YNKA,NKB,Noonkanbah Airport
GQNO,NKC,Nouakchott
WABS,NKD,Sinak
ZSNJ,NKG,Nanjing
AK62,NKI,Tuxekan Island
FZAR,NKL,N'Kolo-Fuma
RJNA,NKM,Nagoya
AYNA,NKN,Gwarawon
,NKO,Ankokoambo
NTKU,NKP,Nukutepipi
LTCV,NKT,Şırnak
FXNK,NKU,Nkaus
FJDG,NKW,Diego Garcia
KNKX,NKX,San Diego
FCBY,NKY,Nkayi
FLSK,NLA,Ndola
KNLC,NLC,Lemoore
MMNL,NLD,Nuevo Laredo
,NLE,Niles
YDNI,NLF,Darnley Island
PAOU,NLG,Nelson Lagoon
ZPNL,NLH,Ninglang
UHNN,NLI,Nikolayevsk-na-Amure Airport
YSNF,NLK,Burnt Pine
YNUL,NLL,Nullagine Airport
,NLN,Kneeland
FZAB,NLO,N'dolo
FANS,NLP,Nelspruit
YNIC,NLS,Nicholson Airport
ZWNL,NLT,Xinyuan
MMSM,NLU,Mexico City
UZFN,NMA,Namangan
VADN,NMB,Daman
MYEN,NMC,Normans Cay
PAGT,NME,Nightmute
VRDA,NMF,Noonu Atoll
MPMI,NMG,Isla del Rey
VANM,NMI,Navi Mumbai
CER4,NML,Fort McMurray
AYNO,NMN,Namane
YNMN,NMP,Basalt
YNAP,NMR,Nappa Merrie Airport
VYNS,NMS,Namsang
VYNU,NMT,Namtu
GMMP,NNA,Kenitra
AGGT,NNB,Santa Ana Island
,NND,Nangade
ZGNN,NNG,Nanning
FYNA,NNI,Namutoni
,NNK,Naknek
PANO,NNL,Nondalton
ULAM,NNM,Naryan Mar
EICA,NNR,Inverin
VTCN,NNT,Nan Airport
SNNU,NNU,Nanuque
WAQA,NNX,Nunukan-Nunukan Island
ZHNY,NNY,Nanyang
YSNW,NOA,Nowra Hill
MRNS,NOB,Nicoya
EIKN,NOC,Charlestown
EDWS,NOD,Norddeich
MMNG,NOG,Nogales
,NOI,Krymsk
USRO,NOJ,Noyabrsk
SWXV,NOK,Nova Xavantina
AYNR,NOM,Nomad River
NGTO,NON,Nonouti
AYNL,NOO,Naoro Vilage
LTCM,NOP,Sinop
BINF,NOR,Norðfjörður
FMNN,NOS,Nosy Be
KDVO,NOT,Novato
NWWW,NOU,Nouméa
FNHU,NOV,Huambo
UNWW,NOZ,Novokuznetsk
KNPA,NPA,Pensacola
NZNR,NPE,Napier
,NPG,Nipa
KU14,NPH,Nephi
NZNP,NPL,New Plymouth
WIOG,NPO,Nanga Pinoh-Borneo Island
YNPB,NPP,Napperby
SJNP,NPR,Novo Progresso
KUUU,NPT,Newport
,NPU,San Pedro de Urabá
HTMP,NPY,Mpanda
KNQA,NQA,Millington
KNQI,NQI,Kingsville
SWNQ,NQL,Niquelândia
SAZN,NQN,Neuquén
EGBN,NQT,"Nottingham, Nottinghamshire"
SKNQ,NQU,Nuquí
KNQX,NQX,Key West
EGHQ,NQY,Newquay
UACC,NQZ,Astana
YNAR,NRA,Narrandera
KNRB,NRB,Jacksonville
EDWY,NRD,Norderney
WAPG,NRE,Namrole
YNRG,NRG,Narrogin
,NRI,Afton
ESSP,NRK,Norrköping
EGEN,NRL,North Ronaldsay
GANK,NRM,Keibane
EDLV,NRN,Weeze
TJRV,NRR,Ceiba
KNRS,NRS,Imperial Beach
RJAA,NRT,Narita
,NRY,Newry
,NSB,Bimini
KNSE,NSE,Milton
OINN,NSH,Nowshahr
FKYS,NSI,Yaoundé
UOOO,NSK,Norilsk
KDVP,NSL,Slayton
YNSM,NSM,Norseman
NZNS,NSN,Nelson
YSCO,NSO,Scone Airport
BGNU,NSQ,Nuussuaq
SWKQ,NSR,São Raimundo Nonato
VTSF,NST,Nakhon Si Thammarat
YNSH,NSV,Noosa Airport
ENNO,NTB,Notodden
,NTC,Santa Carolina
KNTD,NTD,Point Mugu
LFRS,NTE,Nantes
ZSNT,NTG,Nantong
WAUB,NTI,Bintuni
,NTJ,Manti
YWLM,NTL,Williamtown
YNTN,NTN,Normanton
GVAN,NTO,Ponta do Sol
RJNW,NTQ,Wajima
MMAN,NTR,Monterrey
NFTP,NTT,Niuatoputapu
KNTU,NTU,Virginia Beach
WIDO,NTX,Ranai-Natuna Besar Island
FAPN,NTY,Pilanesberg
,NUA,Nuwara Eliya
YNUM,NUB,Numbulwar Airport
HSNH,NUD,En Nahud
EDDN,NUE,Nuremberg
,NUF,Hatton
AYNI,NUG,Nuguria Island
,NUH,Nunchia
PAQT,NUI,Nuiqsut
OIHS,NUJ,Amirabad
NTGW,NUK,Nukutavake
PANU,NUL,Nulato
OENN,NUM,Sharma
PPIT,NUP,Nunapitchuk
KNUQ,NUQ,Mountain View
YNUB,NUR,Nullabor Motel Airport
NVSP,NUS,Norsup
HKNK,NUU,Nakuru
KNUW,NUW,Oak Harbor
USMU,NUX,Novy Urengoy
SKNV,NVA,Neiva
KNVD,NVD,Nevada
UZSA,NVI,Navoi
SDNM,NVM,Nova Mutum
KO02,NVN,Beckwourth
SWNA,NVP,Novo Aripuanã
LFQG,NVS,"Marzy, Nièvre"
SBNF,NVT,Navegantes
VONV,NVY,Neyveli
FMCI,NWA,Fomboni
K2B3,NWH,Newport
EGSH,NWI,"Norwich, Norfolk"
AYNW,NWT,Nowata
USHN,NYA,Nyagan
HKNI,NYE,Nyeri
KNYG,NYG,Quantico
DGSN,NYI,Sunyani
HKNL,NYK,Gathiuru
USMM,NYM,Nadym
YNYN,NYN,Nyngan Airport
ESKN,NYO,Nyköping
UENN,NYR,Nyurba
,NYS,New York
VYNT,NYT,Naypyitaw
VYBG,NYU,Nyaung U
VYMY,NYW,Monywar
FNZG,NZA,Nzagi
SPZA,NZC,Nazca
GUNZ,NZE,Nzérékoré
UIUN,NZG,Nizhneangarsk
ZBMZ,NZH,Manzhouli
ZBZL,NZL,Zhalantun
NZSP,,Amundsen-Scott South Pole St
NZWD,,McMurdo Station
NZWP,,RNZAF Base Auckland-Whenuapa
KNZY,NZY,San Diego
OASH,OAA,Baraki Barak
YORG,OAG,Orange
OASD,OAH,Shindand
OAIX,OAI,Bagram
KOAJ,OAJ,Richlands
KOAK,OAK,Oakland
SSKW,OAL,Cacoal
NZOU,OAM,Oamaru Airport
MHEA,OAN,Olanchito
KOAR,OAR,Marina
OASA,OAS,Sharana
MMOX,OAX,Oaxaca
OAZI,OAZ,Lashkar Gah
YOBN,OBA,Oban
OBBS,,Sitrah
HDOB,OBC,Obock
WAYO,OBD,Obano
KOBE,OBE,Okeechobee
EDMO,OBF,Weßling
SNTI,OBI,Óbidos
EBZR,OBL,Zoersel
AYMB,OBM,Morobe
EGEO,OBN,North Connel
RJCB,OBO,Obihiro
LFHO,OBS,"Lanas, Ardèche"
PAOB,OBU,Kobuk
AYOB,OBX,Obo
BGSC,OBY,Ittoqqortoormiit
07FA,OCA,Key Largo
SECO,OCC,Coca
KOXB,OCE,Ocean City
KOCF,OCF,Ocala
KOCH,OCH,Nacogdoches
MKBS,OCJ,Boscobel
YBGD,OCM,Boolgeeda
KOKB,OCN,Oceanside
FGCO,OCS,Corisco Island
SKOC,OCV,Ocaña
KOCW,OCW,Washington
FEFW,ODA,Ouadda
LEBA,ODB,Córdoba
,ODC,Oakdale
YOOD,ODD,Oodnadatta Airport
EKOD,ODE,Odense
EGVO,ODH,"Hook, Hampshire"
FEGO,ODJ,Ouanda Djallé
YCOD,ODL,Cordillo Downs
K2G4,ODM,Accident
WBGI,ODN,Long Seridan
UIKB,ODO,Bodaybo
YORV,ODR,Ord River
UKOO,ODS,Odesa
KODO,ODT,Odessa
KOKH,ODW,Oak Harbor
VLOS,ODY,Oudomsay
OE49,,Mecca
KOEA,OEA,Lawrenceville
OEAD,,Ardah
WPOC,OEC,Oecussi-Ambeno
OEJB,,Jubail
OEJF,,Jeddah
SMPA,OEM,Paloemeu
KOEO,OEO,Osceola
ESNO,OER,Örnsköldsvik
OERM,,Al Mishab
OERT,,Ras Tanura
SAVN,OES,San Antonio Oeste
OESN,,Riyadh
OETN,,As Saffaniyah
KOFF,OFF,Omaha
DIOF,OFI,Ouango Fitini
KOFK,OFK,Norfolk
NSAS,OFU,Ofu
KOGA,OGA,Ogallala
KOGB,OGB,Orangeburg
KOGD,OGD,Ogden
AYOG,OGE,Ogeranang Airport
PHOG,OGG,Kahului
SYEC,OGL,Ogle
,OGM,Ustupu
ROYN,OGN,Yonaguni
DIAU,OGO,Abengourou
FTTB,OGR,Bongor
KOGS,OGS,Ogdensburg
LTCB,OGU,Ordu
DAUU,OGX,Ouargla
URMO,OGZ,Beslan
NZOH,OHA,RNZAF Base Ohakea
FMFE,OHB,Moramanga
LWOH,OHD,Ohrid
ZYMH,OHE,Mohe
UHSH,OHH,Okha
FYOS,OHI,Oshakati
UHOO,OHO,Okhotsk
EDXY,OHR,Wyk auf Föhr
OOSH,OHS,Suhar
OPKT,OHT,Kohat
SDOW,OIA,Ourilândia do Norte
KOIC,OIC,Norwich
OIFP,,Esfahan
RJTO,OIM,Izu Oshima
RJEO,OIR,Okushiri Island
RJFO,OIT,Oita
KOJC,OJC,Olathe
OJKF,,Al-Jafr
OJMS,,Al Azraq
WAFU,OJU,Tojo Una-Una
ROAH,OKA,Naha
OKAS,,Al Damaikhi
YORC,OKB,Orchid Beach
KOKC,OKC,Oklahoma City
RJCO,OKD,Sapporo
RJKB,OKE,Wadomari
FYOO,OKF,Okaukuejo
,OKG,Okoyo
RJNO,OKI,Okinoshima
RJOB,OKJ,Okayama
KOKK,OKK,Kokomo
WAJO,OKL,Oksibil
KOKM,OKM,Okmulgee
FOGQ,OKN,Okondja
RJTY,OKO,Fussa
AYOJ,OKP,Oksapmin
WAKO,OKQ,Okaba
YYKI,OKR,Yorke Island
KOKS,OKS,Oshkosh
UWUK,OKT,Kzyl-Yar
FYMO,OKU,Mokuti Lodge
AYOF,OKV,Okao
YBOK,OKY,Oakey Army Aviation Centre
ENOL,OLA,Ørland
LIEO,OLB,Olbia
SDCG,OLC,São Paulo De Olivença
KOLD,OLD,Old Town
KOLE,OLE,Olean
KOLF,OLF,Wolf Point
,OLG,Mara
,OLH,Old Harbor
BIRF,OLI,Rif
NVSZ,OLJ,Olpoi
SGOL,OLK,Fuerte Olimpo
FCOD,OLL,Oyo
KOLM,OLM,Olympia
SAVM,OLN,Sarmiento
LKOL,OLO,Olomouc
YOLD,OLP,Olympic Dam
AYOV,OLQ,Olsobip
OASL,OLR,Khost
OLRA,,Rayak
KOLS,OLS,Nogales
KOLU,OLU,Columbus
KOLV,OLV,Olive Branch
HKOK,OLX,Serena
KOLY,OLY,Olney-Noble
UEMO,OLZ,Olyokminsk
KOMA,OMA,Omaha
FOOH,OMB,Omboue
RPVO,OMC,Ormoc City
FYOG,OMD,Oranjemund
PAOM,OME,Nome
OJMF,OMF,Mafraq
FYOE,OMG,Omega
OITR,OMH,Urmia
OIAJ,OMI,Omidiyeh
RJDU,OMJ,Nagasaki
KOMK,OMK,Omak
OOMX,OMM,Marmul
UZTZ,OMN,Zomin
OMNK,,Sas Al Nakheel
LQMO,OMO,Mostar
LROD,OMR,Oradea
UNOO,OMS,Omsk
,OMY,Tbeng Meanchey
KONA,ONA,Winona
AYQQ,ONB,Onange Mission
FYOA,OND,Ondangwa
YMTI,ONG,Mornington Island Airport
KN66,ONH,Oneonta
WABD,ONI,Moanamani
RJSR,ONJ,Kitaakita
UERO,ONK,Olenyok
KONL,ONL,O'Neill
KONM,ONM,Socorro
KONO,ONO,Oregon
KONP,ONP,Newport
LTAS,ONQ,Zonguldak
YMNK,ONR,Monkira Airport
YOLW,ONS,Onslow Airport
KONT,ONT,Ontario
NFOL,ONU,Ono-i-Lau
MPEJ,ONX,Colón
KONY,ONY,Olney
KOOA,OOA,Cedar
YKDD,OOD,Koodaideri Mine
PAOO,OOK,Toksook Bay
YBCG,OOL,Gold Coast
YCOM,OOM,Cooma
YMOO,OOR,Mooraberree Airport
OORH,,Ras ar Ruays
NGON,OOT,Onotoa
OP12,,Washuk
BIKP,OPA,Kópasker
AYOY,OPB,Maitanakunai
KOPF,OPF,Miami
YOEN,OPI,Oenpelli Airport
KOPL,OPL,Opelousas
OPMR,,Karachi
LPPR,OPO,Porto
SNSM,OPP,Salinópolis
OPRN,,Rawalpindi
OPRQ,,Shorkot
OPRS,,Risalpur
SBSI,OPS,Sinop
OPSF,,Karachi
AYBM,OPU,Balimo
FYOP,OPW,Opuwa
UZKK,OQN,Kokand
SASO,ORA,Orán
ESOE,ORB,Örebro
ORBD,,Al Bakr
SKOE,ORC,Orocue
KORD,ORD,Chicago
LFOZ,ORE,"Saint-Denis-de-l'Hôtel, Loir"
KORF,ORF,Norfolk
SMZO,ORG,Paramaribo
KORH,ORH,Worcester
,ORI,Port Lions
SYOR,ORJ,Orinduik
ORJA,,Jalibah
EICK,ORK,Cork
KORL,ORL,Orlando
EGBK,ORM,"Northampton, Northamptonshir"
DAOO,ORN,Es-Sénia
MHYR,ORO,Yoro
FBOR,ORP,Orapa
YYOR,ORR,Yorketown Airport
ORSH,,Tikrit
PAOR,ORT,Northway
ORTF,,Tall Afar
ORTI,,Taji
SLOR,ORU,Oruro
ORUB,,Al Kut
PFNO,ORV,Noorvik
OPOR,ORW,Ormara Raik
SNOX,ORX,Oriximiná
LFPO,ORY,Paris
MZAM,ORZ,Orange Walk
OS57,,Abu ad Duhur
OS64,,An Nasiriyah Air Base
OS69,,Buraq
OS70,,Al-Qusayr
,OSB,Osage Beach
KOSC,OSC,Oscoda
ESNZ,OSD,Östersund
AYOM,OSE,Omora
AYZS,OSG,Ossima
KOSH,OSH,Oshkosh
LDOS,OSI,Osijek
HKOY,OSJ,Mara Simba
ESMO,OSK,Oskarshamn
ENGM,OSL,Oslo
ORBM,OSM,Mosul
RKSO,OSN,Pyeongtaek
YOSB,OSO,Osborne Mine Airport
LKMT,OSR,Mošnov
UCFO,OSS,Osh
EBOS,OST,Oostende
KOSU,OSU,Columbus
UWOR,OSW,Orsk
KOSX,OSX,Kosciusko
ENNM,OSY,Namsos
FTTL,OTC,Bol
MPRA,OTD,Contadora Island
KOTG,OTG,Worthington
KOTH,OTH,North Bend
WAEW,OTI,Gotalalamo-Morotai Island
FYOW,OTJ,Otjiwarongo
KTMK,OTK,Tillamook
GQNB,OTL,Boutilimit
KOTM,OTM,Ottumwa
KI20,OTN,Oaktown
,OTO,Wulan
LROP,OTP,Otopeni
,OTQ,Otog Front Banner
MRCC,OTR,Corredores
K74S,OTS,Anacortes
,OTT,Cotriguaçu
SKOT,OTU,Remedios
PAOT,OTZ,Kotzebue
DFFD,OUA,Ouagadougou
GMFO,OUD,Ahl Angad
FCOU,OUE,Ouesso Airport
DFCC,OUG,Ouahigouya
FAOH,OUH,Oudtshoorn
LFEC,OUI,Ushant
EFOU,OUL,Oulu
,OUM,Oum Hadjer
KOUN,OUN,Norman
FKKI,OUR,Batouri
SDOU,OUS,Ourinhos
FTTS,OUT,Bousso
GQPZ,OUZ,Zouérate
FMSL,OVA,Bekily
UNNT,OVB,Novosibirsk
LEAS,OVD,Ranón
KOVE,OVE,Oroville
FAOB,OVG,Overberg
SCOV,OVL,Ovalle
SAZF,OVR,Olavarria
USHS,OVS,Sovetskiy
KOWA,OWA,Owatonna
KOWB,OWB,Owensboro
KOWD,OWD,Norwood
KOWK,OWK,Norridgewock
GGOV,OXB,Bissau
KOXC,OXC,Oxford
KOXD,OXD,Oxford
EGTK,OXF,"Kidlington, Oxfordshire"
,OXO,Orientos
KOXR,OXR,Oxnard
YMNY,OXY,Morney Airport
OY74,,Al Anad
SATG,OYA,Goya
SOOC,OYC,Camopi
FOGO,OYE,Oyem
HUMY,OYG,Moyo
OYHD,,Hodeida
SBOI,OYK,Oiapoque
HKMY,OYL,Moyale
YOUY,OYN,Ouyen
SAZH,OYO,Tres Arroyos
SOOG,OYP,Saint-Georges-de-l'Oyapock
KOZA,OZA,Ozona
RPMO,OZC,Ozamiz
GMAZ,OZG,Zagora
UKDE,OZH,Zaporizhia
LEMO,OZP,Morón
KOZR,OZR,Fort Rucker
GMMZ,OZZ,Ouarzazate
VYPA,PAA,Hpa-N
VEBU,PAB,Bilaspur
PABV,,Birchwood
MPMG,PAC,Albrook
PACL,,Clear
EDLP,PAD,Büren
KPAE,PAE,Everett
HUPA,PAF,Pakuba
PAFE,,Kake
RPMP,PAG,Pagadian
KPAH,PAH,Paducah
OPPC,PAJ,Parachinar
PHPA,PAK,Hanapepe
SKPQ,PAL,La Dorada
KPAM,PAM,Panama City
VTSK,PAN,Pattani Airport
KPAO,PAO,Palo Alto
MTPP,PAP,Port-au-Prince
PAAQ,PAQ,Palmer
LGPA,PAS,Paros
VEPT,PAT,Patna
VYPK,PAU,Pauk
SBUF,PAV,Paulo Afonso
,PAW,Pambwa Station
MTPX,PAX,Port-de-Paix
WBKP,PAY,Pamol
MMPA,PAZ,Poza Rica
SDLO,PBA,Cairu
SSPN,PBB,Paranaíba
MMPB,PBC,Puebla
VAPR,PBD,Porbandar
SKPR,PBE,Puerto Berrio
KPBF,PBF,Pine Bluff
KPBG,PBG,Plattsburgh
VQPR,PBH,Paro
KDJT,PBI,West Palm Beach
NVSI,PBJ,Paama Island
SVPC,PBL,Puerto Cabello
SMJP,PBM,Paramaribo
FNPA,PBN,Port Amboim
YPBO,PBO,Paraburdoo
MRIA,PBP,Nandayure
SWPM,PBQ,Pimenta Bueno
MGPB,PBR,Puerto Barrios
,PBT,Puerto Leda
VYPT,PBU,Putao
SWPQ,PBX,Porto Alegre do Norte
FAPG,PBZ,Plettenberg Bay
PAOC,PCA,Portage Creek
WIHP,PCB,Jakarta
,PCC,Puerto Rico
KPDC,PCD,Prairie Du Chien
FAPS,PCF,Potchefstroom
MGPC,PCG,Paso Caballos
MHPC,PCH,Palacios
SGLV,PCJ,Puerto La Victoria
SPCL,PCL,Pucallpa
MMPY,PCM,Playa del Carmen
NZPN,PCN,Koromiko
MMPL,PCO,La Ribera
FPPR,PCP,São Tomé & Príncipe
VLFL,PCQ,Phongsaly
SKPC,PCR,Puerto Carreño
SNPC,PCS,Picos
,PCT,Princeton
,PCU,Poplarville
,PCV,Mulegé
SKPD,PDA,Puerto Inírida
,PDB,Pedro Bay
NWWQ,PDC,Népoui
FQPO,PDD,Ponta do Ouro
YPDI,PDE,Pandie Pandie Airport
SNRD,PDF,Prado
WIEE,PDG,Padang
AYPD,PDI,Pindiu
KPDK,PDK,Atlanta
LPPD,PDL,Ponta Delgada
MPPD,PDM,Pedasí
YPDA,PDN,Kangaroo Island
WIPQ,PDO,Talang Gudang-Sumatra Island
SULS,PDP,Punta del Este
,PDR,Presidente Dutra
MMPG,PDS,Piedras Negras
KPDT,PDT,Pendleton
SUPU,PDU,Paysandú
LBPD,PDV,Plovdiv
KPDX,PDX,Portland
SVPE,PDZ,Capure
YPSH,PEA,Ironstone
,PEB,Pebane
,PEC,Pelican
LKPD,PED,Pardubice
USPP,PEE,Perm
EDCP,PEF,Peenemünde
LIRZ,PEG,Perugia
SAZP,PEH,Pehuajó
SKPE,PEI,Pereira
ZBAA,PEK,Beijing
FXPG,PEL,Pelaneng
SPTU,PEM,Puerto Maldonado
WMKP,PEN,Penang
,PEP,Peppimenarti
KPEQ,PEQ,Pecos
YPPH,PER,Perth
ULPB,PES,Petrozavodsk
SBPK,PET,Pelotas
MHPL,PEU,Puerto Lempira
LHPP,PEV,Pécs
OPPS,PEW,Peshawar
UUYP,PEX,Pechora
YPNG,PEY,Penong
UWPP,PEZ,Penza
,PFA,Harbin
SBPF,PFB,Passo Fundo
KPFC,PFC,Pacific City
CFN6,PFM,Primrose
LCPH,PFO,Paphos
OITP,PFQ,Parsabad
FZVS,PFR,Ilebo
KPGA,PGA,Page
AYPC,PGB,Pangoa
,PGC,Petersburg
KPGD,PGD,Punta Gorda
,PGE,Yegepa Airport
LFMP,PGF,Perpignan
VIPT,PGH,Pantnagar
FNCH,PGI,Chitato
WIKK,PGK,Pangkal Pinang
KPQL,PGL,Pascagoula
,PGM,Port Graham
AYPG,PGN,Pangia
KPSO,PGO,Pagosa Springs
WAEM,PGQ,Pekaulang
KPGR,PGR,Paragould
KL37,PGS,Peach Springs
OIBP,PGU,Khiyaroo
KPGV,PGV,Greenville
LFBX,PGX,Périgueux
SBPG,PGZ,Ponta Grossa
VVPR,PHA,Phan Rang
SBPB,PHB,Parnaíba
DNPO,PHC,Port Harcourt
KPHD,PHD,New Philadelphia
YPPD,PHE,Port Hedland
KPHF,PHF,Newport News
DNPM,PHG,Port Harcourt
VNPR,PHH,Pokhara
SNYE,PHI,Pinheiro
PHIK,,Honolulu
KPHK,PHK,Pahokee
KPHL,PHL,Philadelphia
KPHN,PHN,Port Huron
PAPO,PHO,Point Hope
KPHP,PHP,Philip
YTMO,PHQ,Phosphate Hill
NFND,PHR,Nanuku Auberge Resort
VTPP,PHS,Phitsanulok
KPHT,PHT,Paris
FAPH,PHW,Phalaborwa
KPHX,PHX,Phoenix
VTPB,PHY,Phetchabun Airport
KPIA,PIA,Peoria
KPIB,PIB,Moselle
MBPI,PIC,Pine Cay
KPIE,PIE,Pinellas Park
KPIH,PIH,Pocatello
EGPK,PIK,"Prestwick, South Ayrshire"
SGPI,PIL,Pilar
KPIM,PIM,Pine Mountain
SWPI,PIN,Parintins
SPSO,PIO,Pisco
PAPN,PIP,Pilot Point
SYPL,PIQ,Pipillipai
KPIR,PIR,Pierre
LFBI,PIS,Poitiers
KPIT,PIT,Pittsburgh
SPUR,PIU,Piura
SNPX,PIV,Pirapora
CZMN,PIW,Pikwitonei
LPPI,PIX,Pico Island
PPIZ,PIZ,Point Lay
ESUP,PJA,Pajala
KPAN,PJB,Payson
SGPJ,PJC,Pedro Juan Caballero
OPPG,PJG,Panjgur
MRPJ,PJM,Puerto Jimenez
PAPK,PKA,Napaskiak
KPKB,PKB,Parkersburg
UHPP,PKC,Petropavlovsk-Kamchatsky
KPKD,PKD,Park Rapids
YPKS,PKE,Parkes
KPKF,PKF,Park Falls
WMPA,PKG,Pangkor Island
MGPG,PKJ,Playa Grande
VYPU,PKK,Pakhokku
SYPK,PKM,Port Kaituma
WAGI,PKN,Pangkalanbun
DBBP,PKO,Parakou
NTGP,PKP,Puka Puka Airport
VNPK,PKR,Pokhara
YPKT,PKT,Wadeye
WIBB,PKU,Pekanbaru
ULOO,PKV,Pskov
FBSP,PKW,Selebi Phikwe
ZBAD,PKX,Beijing
WAGG,PKY,Palangkaraya
VLPS,PKZ,Pakse
,PLA,Planadas
MRCR,PLD,Carrillo
AYPB,PLE,Paiela
FTTP,PLF,Pala
MZPL,PLJ,Placencia
KPLK,PLK,Branson
SBMN,PLL,Manaus
WIPP,PLM,Palembang
KPLN,PLN,Pellston
YPLC,PLO,Port Lincoln
EYPA,PLQ,Palanga
KPLR,PLR,Pell City
MBPV,PLS,Providenciales
SKPL,PLT,Plato
SBBH,PLU,Belo Horizonte
UKHP,PLV,Poltava
WAFF,PLW,Palu
UASS,PLX,Semey
KC65,PLY,Plymouth
FAPE,PLZ,Gqeberha
HTPE,PMA,Chake Chake
KPMB,PMB,Pembina
SCTE,PMC,Puerto Montt
KPMD,PMD,Palmdale
LIMP,PMF,Parma
SBPP,PMG,Ponta Porã
KPMH,PMH,Portsmouth
LEPA,PMI,Palma de Mallorca
YPAM,PMK,Palm Island Airport
PAAL,PML,Cold Bay
AYPQ,PMN,Pumani
LICJ,PMO,Palermo
AYPJ,PMP,Pimaga
SAWP,PMQ,Perito Moreno
NZPM,PMR,Palmerston North
OSPR,PMS,Tadmur
SYPM,PMT,Paramakatoi
SVMG,PMV,Isla Margarita
SBPJ,PMW,Palmas
SAVY,PMY,Puerto Madryn
MRPM,PMZ,Palmar Sur
LEPP,PNA,Pamplona
SDPE,PNB,Porto Nacional
KPNC,PNC,Ponca City
MZPG,PND,Punta Gorda
KPNE,PNE,Philadelphia
SSPG,PNG,Paranaguá
VDPP,PNH,Phnom Penh
PTPN,PNI,Pohnpei Island
,PNJ,Yantai
WIOO,PNK,Pontianak
LICG,PNL,Pantelleria
KPNN,PNN,Princeton
AYGR,PNP,Popondetta
VAPO,PNQ,Pune
FCPP,PNR,Pointe Noire
KPNS,PNS,Pensacola
SCNT,PNT,Puerto Natales
,PNU,Panguitch
EYPP,PNV,Panevėžys
KGYI,PNX,Denison
VOPC,PNY,Puducherry
SBPL,PNZ,Petrolina
SBPA,POA,Porto Alegre
KPOB,POB,Fort Bragg
KPOC,POC,La Verne
GOSP,POD,Podor
KPOE,POE,Fort Polk
KPOF,POF,Poplar Bluff
FOOG,POG,Port Gentil
KPOH,POH,Pocahontas
SLPO,POI,Potosí
SNPD,POJ,Patos de Minas
FQPB,POL,Pemba
AYPY,POM,Port Moresby
MGPP,PON,Poptún
SBPC,POO,Poços De Caldas
MDPP,POP,Puerto Plata
EFPO,POR,Pori
TTPP,POS,Port of Spain
MKKJ,POT,Ken Jones
KPOU,POU,Poughkeepsie
LZPW,POV,Prešov
LJPZ,POW,Sečovlje
LFPT,POX,"Cormeilles-en-Vexin, Val-d'O"
KPOY,POY,Powell
EPPO,POZ,Poznań
KPPA,PPA,Pampa
SBDN,PPB,Presidente Prudente
PAPR,PPC,Prospect Creek
MMPE,PPE,Puerto Peñasco
KPPF,PPF,Parsons
NSTU,PPG,Pago Pago
SVPX,PPH,Paraitepuy de Ikabarú
YPIR,PPI,Port Pirie Airport
WIHG,PPJ,Jakarta
UACP,PPK,Petropavl
VNPL,PPL,Phaplu
KPMP,PPM,Pompano Beach
SKPP,PPN,Popayán
YBPN,PPP,Proserpine
NZPP,PPQ,Paraparaumu Airport
WIBG,PPR,Pasir Pengarayan
RPVP,PPS,Puerto Princesa
NTAA,PPT,Papeete
VYPP,PPU,Pa Pun
,PPV,Port Protection
EGEP,PPW,"Papa Westray, Orkney Islands"
,PPX,Nepesi
SNZA,PPY,Pouso Alegre
SVPP,PPZ,Puerto Paez
VVPQ,PQC,Phu Quoc Island
,PQD,Batticaloa
KPQI,PQI,Presque Isle
MMPQ,PQM,Palenque
YPMQ,PQQ,Port Macquarie
,PQS,Pilot Station
BGQE,PQT,Qeqertaq
SAAP,PRA,Parana
KPRB,PRB,Paso Robles
KPRC,PRC,Prescott
YPDO,PRD,Pardoo
,PRE,Pore
LKPR,PRG,Prague
VTCP,PRH,Phrae Airport
FSPP,PRI,Praslin Island
FAPK,PRK,Prieska
LPPM,PRM,Portimão
BKPR,PRN,Prishtina
KPRO,PRO,Perry
LFKO,PRP,Propriano
SARS,PRQ,Presidencia Roque Sáenz Peña
SYPR,PRR,Paruima
AGGP,PRS,Parasi
VYPY,PRU,Pye
LKPO,PRV,Přerov
K5N2,PRW,Prentice
KPRX,PRX,Paris
FAWB,PRY,Pretoria
,PRZ,Prineville
LIRP,PSA,Pisa
KPSB,PSB,Philipsburg
KPSC,PSC,Pasco
HEPS,PSD,Port Said
TJPS,PSE,Ponce
KPSF,PSF,Pittsfield
PAPG,PSG,Petersburg
EDXO,PSH,Sankt Peter-Ording
OPPI,PSI,Pasni
WAFP,PSJ,Poso-Celebes Island
KPSK,PSK,Dublin
EGPT,PSL,"Perth, Perth and Kinross"
KPSM,PSM,Portsmouth
KPSN,PSN,Palestine
SKPS,PSO,Chachagüí
KPSP,PSP,Palm Springs
,PSQ,Essington
LIBP,PSR,Pescara
SARP,PSS,Posadas
WIOP,PSU,Putussibau-Borneo Island
SNOS,PSW,Passos
KPSX,PSX,Palacios
SFAL,PSY,Stanley
SLPS,PSZ,Puerto Suárez
PALJ,PTA,Port Alsworth
KPTB,PTB,Petersburg
,PTC,Port Alice
PAAP,PTD,Port Alexander
NFFO,PTF,Malolo Lailai Island
FAPP,PTG,Polokwane
PAPH,PTH,Port Heiden
YPOD,PTJ,Portland Airport
KPTK,PTK,Pontiac
SPWB,PTL,Máncora
SVPT,PTM,Palmarito
KPTN,PTN,Patterson
SBPO,PTO,Pato Branco
TFFR,PTP,Pointe-à-Pitre
SNMZ,PTQ,Porto de Moz
KPTS,PTS,Pittsburg
KPTT,PTT,Pratt
PAPM,PTU,Platinum
KPTV,PTV,Porterville
KPTW,PTW,Pottstown
SKPI,PTX,Pitalito
MPTO,PTY,Tocumen
SESM,PTZ,Shell Mera
,PUA,Puas Mission
KPUB,PUB,Pueblo
KPUC,PUC,Price
SAWD,PUD,Puerto Deseado
MPOA,PUE,Puerto Obaldía
LFBP,PUF,Pau
YPAG,PUG,Port Augusta Airport
MDPC,PUJ,Punta Cana
NTGQ,PUK,Pukaruha
,PUL,Poulsbo
FZOP,PUN,Punia
DFCP,PUP,Po
SCCI,PUQ,Punta Arenas
SLPR,PUR,Puerto Rico
RKPK,PUS,Busan
VOPN,PUT,Puttaparthi
SKAS,PUU,Puerto Asís
NWWP,PUV,Malabou
KPUW,PUW,Pullman
SCPV,PUX,Puerto Varas
LDPL,PUY,Pula
MNPC,PUZ,Puerto Cabezas
SKPV,PVA,Providencia
KPVC,PVC,Provincetown
KPVD,PVD,Providence
KPVF,PVF,Placerville
ZSPD,PVG,Shanghai
SBPV,PVH,Porto Velho
SSPI,PVI,Paranavaí
LGPZ,PVK,Preveza
KPBX,PVL,Pikeville
SEPV,PVO,Portoviejo
MMPR,PVR,Puerto Vallarta
UHMD,PVS,Chukotka
KPVU,PVU,Provo
KPVW,PVW,Plainview
KPWA,PWA,Oklahoma City
KPWD,PWD,Plentywood
UHMP,PWE,Apapelgino
HAPW,PWI,Pawe
KPWK,PWK,Chicago
WAHP,PWL,Purwokerto-Java Island
KPWM,PWM,Portland
MYCP,PWN,Pitts Town
FZQC,PWO,Pweto
UASP,PWQ,Pavlodar
PPWR,PWR,Port Walter
KPWT,PWT,Bremerton
KPNA,PWY,Pinedale
WIPY,PXA,Bentayan
YPMH,PXH,Mount Eba
,PXL,Polacca
MMPS,PXM,Puerto Escondido
LPPS,PXO,Vila Baleira
VTUJ,PXR,Surin
VVPK,PXU,Pleiku
SKVL,PYA,Puerto Boyacá
VEJP,PYB,Jeypore
MPPH,PYC,Ukupseni
NCPY,PYE,Penrhyn Island
VEPY,PYG,Pakyong
SVPA,PYH,Puerto Ayacucho
UERP,PYJ,Yakutia
OIIP,PYK,Karaj
,PYL,Perry Island
KPYM,PYM,Plymouth
,PYN,Payán
SEPT,PYO,Puerto Putumayo
LGAD,PYR,Andravida
CA92,PYS,Paradise
SNZR,PYT,Paracatu
,PYV,Yaviza
VTCI,PYY,Pai
SKPZ,PZA,Paz de Ariporo
FAPM,PZB,Pietermaritzburg
,PZE,"Penzance, Cornwall"
OPZB,PZH,Fort Sandeman
ZUZH,PZI,Panzhihua
NCPK,PZK,Pukapuka Atoll
FADQ,PZL,Phinda
SVPR,PZO,Guyana City
SQZJ,PZR,Bajo Baudó
SCTC,PZS,Temuco
HSPN,PZU,Port Sudan
LZPP,PZY,Piešťany
CYBD,QBC,Bella Coola
SNCX,QCH,Colatina
SNKN,QCP,Currais Novos
BGAK,QCU,Akunnaaq
EGXC,QCY,"Lincoln, Lincolnshire"
SSKS,QDB,Cachoeira Do Sul
SBJD,QDV,Jundiaí
BGET,QFG,Eqalugaarsuit
BGIG,QFI,Iginniarfik
BGFD,QFN,Narsarmijit
BGIO,QFX,Igaliku
SSNG,QGF,Montenegro
SNGN,QGP,Garanhuns
BGAT,QGQ,Attu
RJNG,QGU,Gifu
HAHM,QHR,Debre Zeyit
EDXJ,QHU,Husum
SSNH,QHV,Novo Hamburgo
SNIG,QIG,Iguatu
SNIP,QIT,Itapetinga
BGKT,QJE,Kitsissuarsuit
BGQT,QJH,Qassimiut
BGIT,QJI,Ikamiut
RKRO,QJP,Pocheon
OIAI,QMJ,Masjed Soleyman
SBCO,QNS,Porto Alegre
BGSO,QOQ,Saarloq
DNIM,QOW,Owerri
WSAP,QPG,Paya Lebar
BGKA,QPW,Kangaatsiaq
FAGM,QRA,Johannesburg
SA2X,QRF,Bragado
YNRM,QRM,Narromine Airport
MMQT,QRO,Querétaro
DNSU,QRW,Okpe
BGIK,QRY,Ikerassaarsuk
SDSC,QSC,São Carlos
DAAS,QSF,Sétif
HTMS,QSI,Moshi
LIRI,QSR,Salerno
SYNA,QSX,New Amsterdam
ZWSC,QSZ,Shache
HLUB,QUB,Ubari
EGHR,QUG,"Chichester, West Sussex"
DNAI,QUO,Uyo
BGAQ,QUV,Aappilattoq
BGAS,QUW,Ammassivik
EGUY,QUY,"St Ives, Cambridgeshire"
,RAA,Rakanda
AYTK,RAB,Kokopo
KRAC,RAC,Racine
,RAD,Tortola
OERR,RAE,Arar
SAFR,RAF,Rafaela
NZRA,RAG,Raglan
OERF,RAH,Rafha
GVNP,RAI,Praia
VARK,RAJ,Rajkot
GMMX,RAK,Marrakesh
KRAL,RAL,Riverside
YRNG,RAM,Ramingining Airport
LIDR,RAN,Ravenna
SBRP,RAO,Ribeirão Preto
KRAP,RAP,Rapid City
WAWR,RAQ,Raha
NCRG,RAR,Avarua
OIGG,RAS,Rasht
SKCN,RAV,Cravo Norte
,RAW,Arawa
AYYO,RAX,Oram Airport
OPRT,RAZ,Rawalakot
GMME,RBA,Rabat
SWBR,RBB,Borba
YROI,RBC,Robinvale
KRBD,RBD,Dallas
VDRK,RBE,Ratanakiri
KL35,RBF,Big Bear
KRBG,RBG,Roseburg
NFFR,RBI,Rabi Island
RJCR,RBJ,Rebun
KF70,RBK,Murrieta
KRBL,RBL,Red Bluff
EDMS,RBM,Atting
SLRB,RBO,Roboré
AYRE,RBP,Rabaraba
SLRQ,RBQ,Rurrenabaque
SBRB,RBR,Rio Branco
YORB,RBS,Orbost Airport
HKMB,RBT,Marsabit
YROE,RBU,Roebourne
AGRM,RBV,Ramata
KRBW,RBW,Walterboro
HJRB,RBX,Rumbek
PARY,RBY,Ruby
,RBZ,Shahrisabz
KRCA,RCA,Rapid City
RCAY,,Kaohsiung
FARB,RCB,Richards Bay
RCDC,,Pingtung
WA09,RCE,Roche Harbor
SKRH,RCH,Riohacha
KRCK,RCK,Rockdale
NVSR,RCL,Redcliffe
YRMD,RCM,Richmond Airport
LFDN,RCO,Rochefort
SATR,RCQ,Reconquista
RCQS,,Taitung City
KRCR,RCR,Rochester
EGTO,RCS,"Rochester, Kent"
RCSQ,,Pingtung
SAOC,RCU,Rio Cuarto
MYRP,RCY,Port Nelson
,RDA,Rockhampton Downs
PADG,RDB,Red Dog
SNDC,RDC,Redenção
KRDD,RDD,Redding
WAUM,RDE,Merdei-Papua Island
KRDG,RDG,Reading
HE36,RDL,El Hassana
KRDM,RDM,Redmond
WMPR,RDN,Redang
EPRA,RDO,Radom
VEDG,RDP,Durgapur
KRDR,RDR,Grand Forks
SAHS,RDS,Rincon de los Sauces
GOSR,RDT,Richard Toll
KRDU,RDU,Raleigh
,RDV,Red Devil
LFCR,RDZ,Rodez
NTGE,REA,Reao
EDAX,REB,Lärz
SBRF,REC,Recife
KRVL,RED,Reedsville
8XS8,REE,Lubbock
LICR,REG,Reggio Calabria
SOOR,REI,Régina
SAVT,REL,Rawson
UWOO,REN,Orenburg
KREO,REO,Rome
,REQ,Chagai
MGRT,RER,Retalhuleu
SARE,RES,Resistencia
ENRS,RET,Røst
LERS,REU,Reus
VA1G,REW,Rewa
MMRX,REX,Reynosa
SLRY,REY,Reyes
SDRS,REZ,Resende
FEGR,RFA,Rafaï
KRFD,RFD,Chicago
KRFG,RFG,Refugio
5MS1,RFK,Rolling Fork
BIRG,RFN,Raufarhöfn
NTTR,RFP,Uturoa
MRRF,RFR,Rio Frio
MNRT,RFS,La Rosita
SAWE,RGA,Rio Grande
VEBG,RGH,Balurghat
NTTG,RGI,Rangiroa Airport
UNBG,RGK,Gorno-Altaysk
SAWG,RGL,Rio Gallegos
VYYY,RGN,Yangon
ZKHM,RGO,Hoemun-ri
,RGR,Ranger
LEBG,RGS,Burgos
WIBJ,RGT,Rengat-Sumatra Island
BIRE,RHA,Reykhólar
SANR,RHD,Termas de Río Hondo
HRYU,RHG,Ruhengeri
KRHI,RHI,Rhinelander
YRYH,RHL,Roy Hill Station Airport
FYSA,RHN,Rosh Pinah
LGRP,RHO,Rhodes
VNRC,RHP,Ramechhap
ZBAR,RHT,Badanjilin
KRHV,RHV,San Jose
SBSM,RIA,Santa Maria
SLRI,RIB,Riberalta
KRIC,RIC,Richmond
KRID,RID,Richmond
KRPD,RIE,Rice Lake
KRIF,RIF,Richfield
SJRG,RIG,Rio Grande
MPSM,RIH,Río Hato
SPJA,RIJ,Rioja
KRIL,RIL,Rifle
SPLN,RIM,Rodriguez de Mendoza
AGRC,RIN,Ringi Cove
KRIR,RIR,Riverside
RJER,RIS,Rishiri
KRIV,RIV,Riverside
KRIW,RIW,Riverton
EVRA,RIX,Riga
OYRN,RIY,Mukalla
ZSRZ,RIZ,Rizhao
VORY,RJA,Madhurapudi
VNRB,RJB,Rajbiraj
RJCJ,,Chitose
RJCS,,Betsukai
RJCT,,Obihiro
RJFA,,Ashiya
RJFY,,Kanoya
RJFZ,,Tsuiki
VGRJ,RJH,Rajshahi
,RJI,Rajouri
LDRI,RJK,Rijeka
LERJ,RJL,Logroño
WASN,RJM,Waisai
OIKR,RJN,Rafsanjan
RJNH,,Hamamatsu
RJNY,,Yaizu
RJOF,,Hofu
RJOY,,Yao
RJST,,Ishinomaki
RJTE,,Tateyama
RJTF,,Chofu
RJTJ,,Sayama
RJTK,,Kisarazu
RJTL,,Matsudo
RJTU,,Utsunomiya
NTKK,RKA,Aratika Nord Airport
KRKD,RKD,Rockland
EKRK,RKE,Roskilde
KUZA,RKH,Rock Hill
WIEB,RKI,Sipura Island
KRKP,RKP,Rockport
KRKR,RKR,Poteau
KRKS,RKS,Rock Springs
RKSG,,Pyeongtaek
OMRK,RKT,Ras Al Khaimah
AYRK,RKU,Yule Island
BIRK,RKV,Reykjavík
KRKW,RKW,Rockwood
,RKY,Rokeby
ZURK,RKZ,Xigazê
,RLA,Rolla
KRLD,RLD,Richland
ETNL,RLG,Laage
ZBYZ,RLK,Bayannur
SAOS,RLO,Merlo
,RLP,Rosella Plains
,RLR,Isalo
DRZL,RLT,Arlit
YROM,RMA,Roma
OOBR,RMB,Buraimi
VORG,RMD,Ramagundam
KRME,RME,Rome
HEMA,RMF,Marsa Alam
KRMG,RMG,Rome
LIPR,RMI,Rimini
YREN,RMK,Renmark Airport
VCCC,RML,Colombo
AYRG,RMN,Rumginae Airport
LUKK,RMO,Chişinău
PFMP,RMP,Rampart
RCMQ,RMQ,Taichung
ETAR,RMS,Ramstein-Miesenbach
NTAM,RMT,Rimatara Island
LEMI,RMU,Corvera
KMPI,RMY,Mariposa
USTJ,RMZ,Tobolsk
AGAR,RNA,Arona
ESDF,RNB,Ronneby
KRNC,RNC,Mc Minnville
KRND,RND,Universal City
LFLO,RNE,Saint-Léger-sur-Roanne
KRNH,RNH,New Richmond
MNCI,RNI,Corn Island
RORY,RNJ,Yoron
AGGR,RNL,Rennell Island
OOGB,RNM,Ghaba
EKRN,RNN,Rønne
KRNO,RNO,Reno
,RNP,Rongelap Island
LFRN,RNS,"Saint-Jacques-de-la-Lande, I"
KRNT,RNT,Renton
WBKR,RNU,Ranau
KRZL,RNZ,Rensselaer
KROA,ROA,Roanoke
GLRB,ROB,Monrovia
KROC,ROC,Rochester
FARS,ROD,Robertson
K1O5,ROF,Montague
KROG,ROG,Rogers
YROB,ROH,Robinhood Airport
VTUV,ROI,Roi Et
YBRK,ROK,Rockhampton
K74V,ROL,Roosevelt
SKPA,RON,Paipa
SBRD,ROO,Rondonópolis
PGRO,ROP,Rota Island
PTRO,ROR,Babelthuap Island
SAAR,ROS,Rosario
NZRO,ROT,Rotorua
ROTM,,Futenma Marine Corps Air Sta
LBRS,ROU,Shtraklevo
URRP,ROV,Rostov-on-Don
KROW,ROW,Roswell
KROX,ROX,Roseau
SAWM,ROY,Rio Mayo
LERT,ROZ,Rota
VNRP,RPA,Rolpa
YRRB,RPB,Roper Bar
RPLT,,Itbayat
YNGU,RPM,Roper River
RPMB,,General Santos City
LLIB,RPN,Rosh Pina
VERP,RPR,Raipur
SBUY,RPU,Urucu
,RPV,Roper Valley
KRPX,RPX,Roundup
ZWRQ,RQA,Ruoqiang Town
KRQO,RQO,El Reno
ORQW,RQW,Qayyarah
VOSH,RQY,Shimoga
YMRE,RRE,Marree Airport
FIMR,RRG,Port Mathurin
SBJR,RRJ,Rio de Janeiro
VERK,RRK,Rourkela
KRRL,RRL,Merrill
,RRM,Marromeu
NTKO,RRR,Raroia
ENRO,RRS,Røros
KRRT,RRT,Warroad
YRBR,RRV,Robinson River Airport
SAZR,RSA,Santa Rosa
YRSB,RSB,Roseberth Airport
MYER,RSD,Rock Sound
YRAY,RSE,Sydney
PARS,RSH,Russian Mission
OERS,RSI,Hanak
,RSJ,Rosario
WASC,RSK,Ransiki-Papua Island
KRSL,RSL,Russell
KRSN,RSN,Ruston
HSDZ,RSS,Ad Damazin
KRST,RST,Rochester
RKJY,RSU,Yeosu
KRSW,RSW,Fort Myers
,RSX,Rouses Point
NFNR,RTA,Rotuma
MHRO,RTB,Coxen Hole
VARG,RTC,Ratnagiri Airport
SBMT,RTE,São Paulo
WATG,RTG,"Satar Tacik, Manggarai"
WATR,RTI,Ba'a - Rote Island
K0F3,RTL,Okoboji
EHRD,RTM,Rotterdam
KRTN,RTN,Raton
WIRR,RTO,Tangerang-Java Island
YRTP,RTP,Yagoonya
YRTI,RTS,Rottnest Island Airport
WAQC,RTU,Maratua
YMYT,RTY,Merty Merty Airport
HUAR,RUA,Arua
OIMJ,RUD,Shahrud
FZMB,RUE,Butembo
WAJE,RUF,Amgotro
ZSRG,RUG,Rugao
OERK,RUH,Riyadh
KSRR,RUI,Alto
VNCJ,RUK,Rukumkot
VRQM,RUL,Maavaarulu
VNRT,RUM,Rumjatar
FMEE,RUN,Sainte-Marie
VERU,RUP,Rupsi
NTAR,RUR,Rurutu Airport
AGGU,RUS,Marau
KRUT,RUT,Rutland
,RUU,Kawbenaberi
MGRB,RUV,Rubelsanto
MHRC,RUY,Copán Ruinas
FMSG,RVA,Farafangana
,RVC,River Cess
SWLC,RVD,Rio Verde
SKSA,RVE,Saravena
ENRM,RVK,Rørvik
EFRO,RVN,Rovaniemi
FARI,RVO,Reivilo
KU34,RVR,Green River
KRVS,RVS,Tulsa
YNRV,RVT,Ravensthorpe Airport
NTAV,RVV,Raivavae Airport
SURV,RVY,Rivera
KRWF,RWF,Redwood Falls
KRWI,RWI,Rocky Mount
KRWL,RWL,Rawlins
UKLR,RWN,Rivne
,RXA,Ar Rawdah
KRXE,RXE,Rexburg
RPVR,RXS,Roxas City
UUBK,RYB,Rybinsk
OPRK,RYK,Rahim Yar Khan
FLRZ,RYL,Lower Zambezi River
LFCY,RYN,Royan
SAWT,RYO,Rio Turbio
SAWU,RZA,Puerto Santa Cruz
EPRZ,RZE,Jasionka
UHTR,RZH,Preobrazheniye
RPSD,RZP,Taytay
OINR,RZR,Ramsar
OPSW,RZS,Sawan Gas Field
LTFO,RZV,Rize
KSAA,SAA,Saratoga
TNCS,SAB,Zion's Hill
KSAC,SAC,Sacramento
KSAD,SAD,Safford
SADF,,San Fernando
BGST,SAE,Saattut
KSAF,SAF,Santa Fe
VASD,SAG,Kakadi
OYSN,SAH,Sanaa
VDSA,SAI,Siem Reap
BIKR,SAK,Sauðárkrókur
MSLP,SAL,San Salvador
,SAM,Salamo
KSAN,SAN,San Diego
SAOV,,Villa Maria
MHLM,SAP,San Pedro Sula
MYAN,SAQ,Andros Island
KSAR,SAR,Sparta
KSAS,SAS,Salton City
KSAT,SAT,San Antonio
WATS,SAU,Sabu-Sawu Island
KSAV,SAV,Savannah
LTFJ,SAW,"Pendik, Istanbul"
MPSB,SAX,Boca de Sábalo
GLST,SAZ,Sasstown
KSBA,SBA,Santa Barbara
SBAF,,Rio de Janeiro
SBAN,,Anápolis
SVSB,SBB,Santa Bárbara
SBBQ,,Barbacena
AYSO,SBC,Selbang
SBCC,,Novo Progresso
KSBD,SBD,San Bernardino
AYSA,SBE,Suabi Airport
OADS,SBF,Sardeh Band
WITN,SBG,Sabang
TFFJ,SBH,Gustavia
GUSB,SBI,Koundara
SNMX,SBJ,São Mateus
LFRT,SBK,"Trémuson, Côtes-d'Armor"
SLSA,SBL,Santa Ana del Yacuma
KSBM,SBM,Sheboygan
KSBN,SBN,South Bend
SBNT,,Natal
,SBO,Salina
KSBP,SBP,San Luis Obispo
OPSB,SBQ,Sibi
YSII,SBR,Saibai Island
KSBS,SBS,Steamboat Springs
USDA,SBT,Sabetta
SBTA,,Taubaté
SBTS,,Aldeia Tiriós
FASB,SBU,Springbok
AYSH,SBV,Sabah
WBGS,SBW,Sibu
KSBX,SBX,Shelby
KSBY,SBY,Salisbury
SBYS,,Pirassununga
LRSB,SBZ,Sibiu
,SCA,Santa Catalina
KSCB,SCB,Scribner
PASC,SCC,Deadhorse
MHUL,SCD,Sulaco
KUNV,SCE,State College
KSDL,SCF,Scottsdale
YSPK,SCG,Spring Creek Airport
KSCH,SCH,Schenectady
SVPM,SCI,San Cristóbal
KSCK,SCK,Stockton
SCEL,SCL,Santiago
PACM,SCM,Scammon Bay
EDDR,SCN,Saarbrücken
UATE,SCO,Aktau
LFNC,SCP,"Saint-Crépin, Hautes-Alpes"
LEST,SCQ,Santiago de Compostela
ESKS,SCR,Malung-Sälen
SCRG,,Rancagua
OYSQ,SCT,Mori
MUCU,SCU,Santiago
LRSV,SCV,Suceava
UUYY,SCW,Syktyvkar
MMSZ,SCX,Salina Cruz
SEST,SCY,Puerto Baquerizo Moreno
AGGL,SCZ,Santa Cruz
FALW,SDB,Langebaanweg
SYSC,SDC,Sand Creek
FNUB,SDD,Lubango
SANE,SDE,Santiago del Estero
KSDF,SDF,Louisville
OICS,SDG,Sanandaj Airport
AYSD,SDI,Saidor
RJSS,SDJ,Natori
WBKS,SDK,Sandakan
ESNN,SDL,Sundsvall
KSDM,SDM,San Diego
ENSD,SDN,Sandane
PASD,SDP,Sand Point
MDSD,SDQ,Santo Domingo
LEXJ,SDR,Santander
RJSD,SDS,Sado
OPSS,SDT,Saidu Sharif
SBRJ,SDU,Rio de Janeiro
VOSR,SDW,Chipi
KSEZ,SDX,Sedona
KSDY,SDY,Sidney
KSEA,SEA,Seattle
HLLS,SEB,Sabha
KSEE,SEE,San Diego
KSEF,SEF,Sebring
KSEG,SEG,Selinsgrove
WAJS,SEH,Senggeh
UESK,SEK,Srednekolymsk
KSEM,SEM,Selma
EGMC,SEN,"Southend-on-Sea, Essex"
DISG,SEO,Séguéla
KSEP,SEP,Stephenville
WIBS,SEQ,Bengkalis-Sumatra Island
KSER,SER,Seymour
UOIG,SES,Svetlogorsk
SNHS,SET,Serra Talhada
HTSN,SEU,Seronera
HE24,SEW,Siwa Oasis
GQNS,SEY,Sélibaby
FSIA,SEZ,Victoria
DTTX,SFA,Sfax
KSFB,SFB,Orlando
TFFC,SFC,St-François
SVSR,SFD,San Fernando de Apure
RPUS,SFE,San Fernando
KSFF,SFF,Spokane
TFFG,SFG,Grand Case
MMSF,SFH,Mexicali
BGSF,SFJ,Kangerlussuaq
SNI6,SFK,Soure
GVSF,SFL,São Filipe
KSFM,SFM,Sanford
SAAV,SFN,Santa Fe
KSFO,SFO,San Francisco
RPLB,SFS,Olongapo
ESNS,SFT,Skellefteå
AYSF,SFU,Safia
SSA2,SFV,Santa Fé do Sul
SVMU,SFX,Ciudad Guayana
KSFZ,SFZ,Pawtucket
OASN,SGA,Shiveh
USRR,SGC,Surgut
EKSB,SGD,Sønderborg
EDGS,SGE,Burbach
KSGF,SGF,Springfield
BGSG,SGG,Sermiligaaq
SGGR,,Salto del Guaira
KSGH,SGH,Springfield
OPSR,SGI,Sargodha
SGIB,,Itaipú
AYSK,SGK,Sengapi
RPLS,SGL,Cavite
,SGM,Mulegé
VVTS,SGN,Ho Chi Minh City
YSGE,SGO,St George Airport
SGOV,,Coronel Oviedo
YSHG,SGP,Shay Gap
WALA,SGQ,Sanggata
KSGR,SGR,Houston
SGST,,Santa Teresa
KSGT,SGT,Stuttgart
KSGU,SGU,St George
SAVS,SGV,Sierra Grande
,SGW,Saginaw Bay
HTSO,SGX,Songea
PAGY,SGY,Skagway
VTSH,SGZ,Songkhla Airport
ZSSS,SHA,Shanghai
RJCN,SHB,Nakashibetsu
HASR,SHC,Shire Inda Selassie
KSHD,SHD,Weyers Cave
ZYTX,SHE,Shenyang
ZWHZ,SHF,Shihezi
PAGH,SHG,Shungnak
PASH,SHH,Shishmaref
RORS,SHI,Miyakojima
OMSJ,SHJ,Sharjah
FXSH,SHK,Sehonghong
VEBI,SHL,Shillong
RJBD,SHM,Shirahama
KSHN,SHN,Shelton
FDSK,SHO,Mpaka
YSPT,SHQ,Southport Airport
KSHR,SHR,Sheridan
ZHJZ,SHS,Jingzhou
YSHT,SHT,Shepparton Airport
YSMP,SHU,Smith Point Airport
KSHV,SHV,Shreveport
OESH,SHW,Sharurah
PAHX,SHX,Shageluk
HTSY,SHY,Shinyanga
FXSS,SHZ,Seshutes
ZLSN,SIA,Xi'an
FCBS,SIB,Sibiti
,SIC,Las Perlas
GVAC,SID,Espargos
VNSI,SIF,Simara
TJIG,SIG,San Juan
VNDT,SIH,Silgadi Doti
BISI,SIJ,Siglufjörður
KSIK,SIK,Sikeston
AYSG,SIL,Sila Mission
AYSJ,SIM,Simbai
WSSS,SIN,Singapore
YSMI,SIO,Smithton Airport
UKFF,SIP,Simferopol
WIDS,SIQ,Pasirkuning-Singkep Island
LSGS,SIR,Sion
FASS,SIS,Sishen
PASI,SIT,Sitka
MNSI,SIU,Siuna
KSIV,SIV,Sullivan
WIMP,SIW,Parapat-Sumatra Island
YSGT,SIX,Singleton
KSIY,SIY,Montague
AYZN,SIZ,Sissano
SPJN,SJA,San Juan de Marcona
SLJO,SJB,San Joaquín
KSJC,SJC,San Jose
MMSD,SJD,San José del Cabo
SKSJ,SJE,San José Del Guaviare
,SJF,Cruz Bay
,SJH,San Juan Del César
RPUH,SJI,San Jose
LQSA,SJJ,Sarajevo
SBSJ,SJK,São José Dos Campos
SBUA,SJL,São Gabriel da Cachoeira
KSJN,SJN,St Johns
MROC,SJO,San José
SBSR,SJP,São José do Rio Preto
FLSS,SJQ,Sesheke
,SJR,San Juan De Uraba
SLJE,SJS,San José de Chiquitos
KSJT,SJT,San Angelo
TJSJ,SJU,San Juan
SLJV,SJV,San Javier
ZBSJ,SJW,Shijiazhuang
MZSJ,SJX,Sartaneja
EFSI,SJY,Seinäjoki
LPSJ,SJZ,Velas
KSKA,SKA,Spokane
TKPK,SKB,Basseterre
AYSU,SKC,Suki
UZSS,SKD,Samarkand
KSKF,SKF,San Antonio
LGTS,SKG,Thessaloniki
VNSK,SKH,Surkhet
WIOD,SKJ,Singkawang
PFSH,SKK,Shaktoolik
EGEI,SKL,"Ashaig, Highland"
SYSK,SKM,Skeldon
ENSK,SKN,Hadsel
DNSO,SKO,Sokoto
LWSK,SKP,Ilinden
FXSK,SKQ,Sekakes
HASK,SKR,Shakiso
EKSP,SKS,Vojens
OPST,SKT,Sialkot
SKTJ,,Tunja
LGSY,SKU,Skiros Island
SKUA,,Marandúa
HESC,SKV,Saint Catherine
PASW,SKW,Skwentna
UWPS,SKX,Saransk
OPSK,SKZ,Sukkur
SASA,SLA,Salta
KSLB,SLB,Storm Lake
KSLC,SLC,Salt Lake City
LZSL,SLD,Sliač
KSLE,SLE,Salem
OESL,SLF,As-Sulayyil
KSLG,SLG,Siloam Springs
NVSC,SLH,Sola
FLSW,SLI,Solwesi
YSOL,SLJ,Karijini National Park
KSLK,SLK,Saranac Lake
OOSA,SLL,Salalah
LESA,SLM,Salamanca
KSLN,SLN,Salina
KSLO,SLO,Salem
MMSP,SLP,San Luis Potosí
PASL,SLQ,Sleetmute
KSLR,SLR,Sulphur Springs
SLSU,,Sucre
SLSV,,San Ignacio de Velasco
KANK,SLT,Salida
TLPC,SLU,Castries
VISM,SLV,Jubbarhatti
MMIO,SLW,Saltillo
MBSY,SLX,Salt Cay
USDD,SLY,Salekhard
SBSL,SLZ,São Luís
LPAZ,SMA,Vila do Porto
SCSB,SMB,Cerro Sombrero
KSMD,SMD,Fort Wayne
KSME,SME,Somerset
KSMF,SMF,Sacramento
AYSP,SMH,Sapmanga
LGSM,SMI,Samos Island
AYXI,SMJ,Sim
PAMK,SMK,St Michael
MYLS,SML,Stella Maris
WBKA,SMM,Semporna
KSMN,SMN,Salmon
KSMO,SMO,Santa Monica
,SMP,Stockholm
WAGS,SMQ,Sampit
SKSM,SMR,Santa Marta
FMMS,SMS,Vohilava
SBSO,SMT,Sorriso
PASP,SMU,Sheep Mountain
LSZS,SMV,Samedan
GMMA,SMW,Smara
KSMX,SMX,Santa Maria
GOTS,SMY,Simenti
SMST,SMZ,Stoelmanseiland
KSNA,SNA,Santa Ana
YSNK,SNB,Milikapiti
SESA,SNC,Salinas
GVSN,SNE,Preguiça
SVSP,SNF,San Felipe
SLSI,SNG,San Ignacio de Velasco
YSPE,SNH,Stanthorpe Airport
GLGE,SNI,Greenville
MUSJ,SNJ,Sandino
KSNK,SNK,Snyder
KSNL,SNL,Shawnee
SLSM,SNM,San Ignacio de Moxos
EINN,SNN,Shannon
VTUI,SNO,Sakon Nakhon Airport
PASN,SNP,St Paul Island
,SNQ,San Quintín
SNQX,,Quixadá
LFRZ,SNR,Saint-Nazaire
KSNS,SNS,Salinas
SKRU,SNT,Sabana de Torres
MUSC,SNU,Santa Clara
SVSE,SNV,Santa Elena de Uairén
VYTD,SNW,Thandwe
OIIS,SNX,Semnan
KSNY,SNY,Sidney
SBSC,SNZ,Rio de Janeiro
,SOA,Sóc Trăng
LHSM,SOB,Sármellék
WAHQ,SOC,Surakarta
SDCO,SOD,Sorocaba
FCOS,SOE,Souanke
LBSF,SOF,Sofia
ENSG,SOG,Sogndal
,SOH,Solita
YSML,SOI,South Molle Island Resort
ENSR,SOJ,Sørkjosen
FXSM,SOK,Semonkong
AK26,SOL,Solomon
SVST,SOM,El Tigre
NVSS,SON,Luganville
ESNY,SOO,Söderhamn
KSOP,SOP,Carthage
WASS,SOQ,Sorong
,SOR,T2
EFSO,SOT,Sodankyla
EGHI,SOU,Southampton
PASO,SOV,Seldovia
KSOW,SOW,Show Low
SKSO,SOX,Sogamoso
EGER,SOY,Stronsay
LFKS,SOZ,Solenzara
KSPA,SPA,Spartanburg
VI22,SPB,Charlotte Amalie
SPBC,,Caballococha
GCLA,SPC,"Sta Cruz de la Palma, La Pal"
VGSD,SPD,Saidpur
WBKO,SPE,Sepulot
KSPF,SPF,Spearfish
KSPG,SPG,St Petersburg
AYQO,SPH,Sopu
KSPI,SPI,Springfield
LGSP,SPJ,Sparti
ETAD,SPM,Trier
PGSN,SPN,"I Fadang, Saipan"
FNME,SPP,Menongue
6CA3,SPQ,San Pedro
MZSP,SPR,San Pedro
KSPS,SPS,Wichita Falls
,SPT,Sipitang
LDSP,SPU,Split
AYSQ,SPV,Sepik Plains
KSPW,SPW,Spencer
HESX,SPX,Al Jiza
DISP,SPY,San Pedro Airport
KASG,SPZ,Springdale
KIZA,SQA,Santa Ynez
,SQB,Piedras
YSCR,SQC,Southern Cross Airport
ZSSR,SQD,Shangrao
,SQE,San Luis De Palenque
,SQF,Solano
WIOS,SQG,Sintang
VVNS,SQH,Mai Son
KSQI,SQI,Rock Falls
ZSSM,SQJ,Sanming
HE40,SQK,Sidi El Barrani
KSQL,SQL,San Carlos
SWUA,SQM,São Miguel do Araguaia
WAES,SQN,Sanana
ESUD,SQO,Storuman
EYSA,SQQ,Šiauliai
WAWS,SQR,Soroako
MZCF,SQS,Spanish Lookout
AYCS,SQT,Samarai Island
SPOA,SQU,Plaza Saposoa
,SQV,Sequim
EKSV,SQW,Skive
SSOE,SQX,São Miguel do Oeste
SSRU,SQY,São Lourenço Do Sul
SSZR,SRA,Santa Rosa
SLSR,SRB,Santa Rosa
KSRC,SRC,Searcy
SLRA,SRD,San Ramón
SLAL,SRE,Sucre
WAHS,SRG,Semarang
FTTA,SRH,Sarh
SLSB,SRJ,San Borja
BGSI,SRK,Siorapaluk
,SRL,Mulegé
,SRM,Sandringham Station
YSRN,SRN,Strahan Airport
,SRO,Santana Ramos
ENSO,SRP,Leirvik
KSRQ,SRQ,Sarasota
YDUN,SRR,North Stradbroke Island
SKSR,SRS,San Marcos
HUSO,SRT,Soroti
VYFS,SRU,Falam
,SRV,Stony River
KRUQ,SRW,Salisbury
HLGD,SRX,Sirt
OINZ,SRY,Sari
SLET,SRZ,Santa Cruz
SBSV,SSA,Salvador
VI32,SSB,Christiansted
KSSC,SSC,Sumter
SCSF,SSD,San Felipe
VASL,SSE,Solapur
KSSF,SSF,San Antonio
FGSL,SSG,Malabo
HESH,SSH,Sharm El Sheikh
KSSI,SSI,St Simons Island
ENST,SSJ,Alstahaug
,SSK,Sturt Creek
SKSL,SSL,Santa Rosalia
RKSM,SSN,Seongnam
SNLO,SSO,São Lourenço
YSVP,SSP,Silver Plains
CSR8,SSQ,La Sarre
NVSH,SSR,Pentecost Island
,SSS,Siassi
SAZL,SST,Santa Teresita
7WA5,SSW,Friday Harbor
FASP,SSX,Singita Safari Lodge
FNBC,SSY,Mbanza Congo
SBST,SSZ,Guarujá
EKVJ,STA,Skjern
SVSZ,STB,San Carlos del Zulia
KSTC,STC,Saint Cloud
SVSO,STD,Santo Domingo
KSTE,STE,Stevens Point
YSTI,STF,Stephens Island
PAPB,STG,St George
YSMR,STH,Strathmore
MDST,STI,Santiago
KSTJ,STJ,St Joseph
KSTK,STK,Sterling
KSTL,STL,St Louis
SBSN,STM,Santarém
EGSS,STN,"London, Essex"
KSTP,STP,Saint Paul
KOYM,STQ,St Marys
EDDS,STR,Stuttgart
KSTS,STS,Santa Rosa
TIST,STT,Charlotte Amalie
,STU,Santa Cruz
VASU,STV,Surat
URMT,STW,Stavropol
TISX,STX,Christiansted
SUSO,STY,Salto
KSUA,SUA,Stuart
SUAA,,Montevideo
WARR,SUB,Surabaya
KSUD,SUD,Stroud
KSUE,SUE,Sturgeon Bay
LICA,SUF,Lamezia Terme
RPMS,SUG,Surigao City
UGSS,SUI,Sukhumi
LRSM,SUJ,Satu Mare
UEBS,SUK,Batagay-Alyta
OPSU,SUL,Sui
KSMS,SUM,Sumter
KSUN,SUN,Hailey
KS21,SUO,Sunriver
WART,SUP,Sumenep
SESC,SUQ,Sucúa
CJV7,SUR,Summer Beaver
KSUS,SUS,St Louis
HTSU,SUT,Sumbawanga
KSUU,SUU,Fairfield
NFNA,SUV,Nausori
KSUW,SUW,Superior
KSUX,SUX,Sioux City
UENS,SUY,Suntar
PASA,SVA,Savoonga
FMNS,SVB,Sambava
SVBL,,El Libertador Airbase
KSVC,SVC,Silver City
SVCS,,Charallave
TVSA,SVD,Kingstown
KSVE,SVE,Susanville
DBBS,SVF,Savé
SVFM,,Caracas
ENZV,SVG,Stavanger
KSVH,SVH,Statesville
SKSV,SVI,San Vicente Del Caguán
ENSH,SVJ,Svolvær
SVJM,,San Juan de los Morros
MZKT,SVK,Silver Creek
EFSA,SVL,Savonlinna
SVLO,,Isla La Orchila
SVMP,,Ocumare del Tuy
KSVN,SVN,Savannah
UUEE,SVO,Moscow
FNKU,SVP,Kuito
LEZL,SVQ,Seville
BGSV,SVR,Savissivik
PFSV,SVS,Stevens Village
FBSV,SVT,Savuti
NFNS,SVU,Savusavu
,SVV,San Salvador de Paul
PASV,SVW,Sparrevohn
USSS,SVX,Yekaterinburg
SVSA,SVZ,San Antonio del Tachira
ZGOW,SWA,Jieyang
,SWB,Shaw River
YSWL,SWC,Stawell Airport
PAWD,SWD,Seward
AYEW,SWE,Siwea
KSWF,SWF,Newburgh
AYSW,SWG,Satwag
YSWH,SWH,Swan Hill Airport
NVSX,SWJ,Malekula Island
RPSV,SWL,San Vicente
VISP,SWN,Sherpur Naqeebpur
KSWO,SWO,Stillwater
FYSM,SWP,Swakopmund
WADS,SWQ,Sumbawa Besar
AYZI,SWR,Silur Mission
EGFH,SWS,Swansea
UNSS,SWT,Strezhevoy
RKSW,SWU,Suwon
UHMW,SWV,Evensk
KSWW,SWW,Sweetwater
FBSW,SWX,Shakawe
WMBA,SWY,Sitiawan
AYQS,SXA,Sialum
LFST,SXB,Strasbourg
YWSL,SXE,Sale
FLSN,SXG,Senanga
AYSL,SXH,Sehulea
OIBS,SXI,Siri
ZWSS,SXJ,Shanshan
WAPS,SXK,Saumlaki-Yamdena Island
EISG,SXL,Sligo
TNCM,SXM,Sint Maarten
FBSN,SXN,Sowa
SWFX,SXO,São Félix Do Araguaia
,SXP,Nunam Iqua
PASX,SXQ,Soldotna
VISR,SXR,Srinagar
WBKH,SXS,Sahabat
WMAN,SXT,Taman Negara
HASD,SXU,Soddu
VOSM,SXV,Salem
AYSV,SXW,Sauren
SNFX,SXX,São Félix do Xingu
,SXY,Sidney
LTCL,SXZ,Siirt
PASY,SYA,Shemya
,SYB,Seal Bay
SPSY,SYC,Shiringayoc
YSSY,SYD,Sydney
OYSH,SYE,Sa'dah
,SYF,Gabriola Island
VNSB,SYH,Namche Bazaar
KSYI,SYI,Shelbyville
OIKY,SYJ,Sirjan
BIST,SYK,Stykkishólmur
KSYL,SYL,Camp Roberts
ZPSM,SYM,Pu'er
KSYN,SYN,Dennison
RJSY,SYO,Shonai
MPSA,SYP,Santiago
MRPV,SYQ,San Jose
KSYR,SYR,Syracuse
UERS,SYS,Saskylakh
LFLN,SYT,"L'Hôpital-le-Mercier, Saône-"
YWBS,SYU,Sue Islet
KSYV,SYV,Sylvester
OPSN,SYW,Sehwan Sharif
ZJSY,SYX,Sanya
EGPO,SYY,"Stornoway, Western Isles"
OISS,SYZ,Shiraz
FNSO,SZA,Soyo
WMSA,SZB,Subang
HASM,SZE,Semera
LTFH,SZF,Samsun
LOWS,SZG,Salzburg
ZBSG,SZH,Shuozhou
UASZ,SZI,Zaysan
MUSN,SZJ,Isla de la Juventud
FASZ,SZK,Skukuza
KSZL,SZL,Knob Noster
FYSS,SZM,Sesriem
KSZN,SZN,Santa Cruz Island
KSZP,SZP,Santa Paula
NZRC,SZS,Oban
ZSSZ,SZV,Suzhou
ZGSZ,SZX,Shenzhen
EPSY,SZY,Szymany
EPSC,SZZ,Szczecin
TTCP,TAB,Scarborough
RPVA,TAC,Tacloban City
KTAD,TAD,Trinidad
RKTN,TAE,Daegu
DAOL,TAF,Tafraoui
RPSP,TAG,Panglao
NVVW,TAH,Tanna Island
OYTZ,TAI,Taiz
AYTJ,TAJ,Aitape
RJOT,TAK,Takamatsu
PATA,TAL,Tanana
MMTM,TAM,Ciudad Madero
YTGA,TAN,Tangalooma Airport
ZSQD,TAO,Qingdao
MMTP,TAP,Tapachula
YTAR,TAQ,Tarcoola
LIBG,TAR,Grottaglie
UZTT,TAS,Tashkent
LZTT,TAT,Poprad
SKTA,TAU,Tauramena
SUTB,TAW,Tacuarembo
WAPT,TAX,Tikong-Taliabu Island
EETU,TAY,Tartu
UTAT,TAZ,Daşoguz
VVTH,TBB,Tuy Hoa
KT03,TBC,Tuba City
SKMB,TBD,Timbiqui
AYTV,TBE,Timbunke
NGTE,TBF,Tabiteuea North Airport
AYTB,TBG,Tabubil
RPVU,TBH,Tablas Island
MYCB,TBI,Cat Island
DTKA,TBJ,Tabarka
YTBR,TBK,Timber Creek Airport
YTAB,TBL,Tableland Homestead Airport
WAGT,TBM,Tumbang Samba-Borneo Island
KTBN,TBN,Fort Leonard Wood
HTTB,TBO,Tabora
SPME,TBP,Tumbes
AYTR,TBQ,Tarabo
KTBR,TBR,Statesboro
UGTB,TBS,Tbilisi
SBTT,TBT,Tabatinga
NFTF,TBU,Nuku'alofa
,TBV,Tabal Island
UUOT,TBW,Tambov
WIDB,TBX,Tambelan
FBTS,TBY,Tshabong
OITT,TBZ,Tabriz
YTNK,TCA,Tennant Creek
MYAT,TCB,Treasure Cay
KTCC,TCC,Tucumcari
SKRA,TCD,Tarapacá
LRTC,TCE,Mihail Kogălniceanu
MHTO,TCF,Tocoa
ZWTC,TCG,Tacheng
FOOT,TCH,Tchibanga
AYVM,TCJ,Torembi
AYYL,TCK,Tinboli
KTCL,TCL,Tuscaloosa
KTCM,TCM,Tacoma
MMHC,TCN,Tehuacán
SKCO,TCO,Tumaco
HETB,TCP,Taba
SPTN,TCQ,Tacna
VOTK,TCR,Vagaikulam
KTCS,TCS,Truth or Consequences
PPCT,TCT,Takotna
FATN,TCU,Homeward
YTOC,TCW,Tocumwal Airport
OIMT,TCX,Tabas
FYTE,TCY,Terrace Bay
ZPTC,TCZ,Baoshan
SKTD,TDA,Trinidad
AYTF,TDB,Tetebedi
SLTR,TDD,Trinidad
RPMW,TDG,Tandag
HDTJ,TDJ,Tadjoura
UAAT,TDK,Taldykorgan
SAZT,TDL,Tandil
YTHD,TDN,Drysdale River
KTDO,TDO,Toledo
SPDR,TDP,Corrientes
YTDR,TDR,Theodore Airport
AYSS,TDS,Sasereme
FATD,TDT,Timbavati
FMSN,TDV,Tanandava
KTDW,TDW,Amarillo
VTBO,TDX,Laem Ngop
KTDZ,TDZ,Toledo
MHTE,TEA,Tela
KTEB,TEB,Teterboro
SSVL,TEC,Telêmaco Borba
EKTS,TED,Thisted
DABS,TEE,Tébessi
YTEF,TEF,Telfer Airport
DFET,TEG,Tenkodogo
,TEH,Tetlin
VETJ,TEI,Tezu
PAKA,TEK,Tatitlek
WBKE,TEL,Telupid
YTEM,TEM,Temora
ZUTR,TEN,Tongren
AYTY,TEO,Terapo Mission
AYTP,TEP,Teptep
LTBU,TEQ,Çorlu
LPLA,TER,Praia da Vitória
HHTS,TES,Tessenei
FQTT,TET,Tete
NZMO,TEU,Manapouri Airport
LETL,TEV,Teruel
KTEX,TEX,Telluride
BITE,TEY,Þingeyri
VETZ,TEZ,Tezpur Airport
AYTH,TFB,Tifalmin
SBTF,TFF,Tefé
AYTU,TFI,Tufi
SNTO,TFL,Teófilo Otoni
AYTE,TFM,Telefomin
GCXO,TFN,Tenerife
GCTS,TFS,Tenerife
OPTT,TFT,Taftan
ZUTF,TFU,Chengdu
WILP,TFY,Krui
WSAT,TGA,Western Water Catchment
,TGB,Rizal
WBTM,TGC,Belawai
LYPG,TGD,Podgorica
WMKN,TGG,Kuala Terengganu
NVST,TGH,Tongoa Island
SPGM,TGI,Tingo Maria
NWWA,TGJ,Tiga
URRT,TGK,Taganrog
AYTG,TGL,Sudest Island
LRTM,TGM,Recea
YLTV,TGN,Morwell
ZBTL,TGO,Tongliao
UNIP,TGP,Bor
SWTS,TGQ,Tangará da Serra
DAUK,TGR,Touggourt
,TGS,Chokwé
HTTG,TGT,Tanga
MHTG,TGU,Tegucigalpa
MMTG,TGZ,Tuxtla Gutiérrez
KTHA,THA,Tullahoma
FXTA,THB,Thaba-Tseka
GLTN,THC,Zwedru
VVTX,THD,Thanh Hóa
SBTE,THE,Teresina
YTNG,THG,Biloela
GQNC,THI,Tichitt
VLTK,THK,Thakhek
VYTL,THL,Tachileik
KTHM,THM,Thompson Falls
ESGT,THN,Trollhättan
BITN,THO,Þórshöfn
KHSG,THP,Thermopolis
ZLTS,THQ,Tianshui
OIII,THR,Tehran
VTPO,THS,Sukhothai Airport
GQNT,THT,Tamchakett
BGTL,THU,Pituffik
KTHV,THV,Thomasville
,THW,Trincomalee
UOTT,THX,Turukhansk
FATH,THY,Thohoyandou
DRRT,THZ,Tahoua
LATI,TIA,Rinas
SKTB,TIB,Tibú
,TIC,Arno Atoll
DAOB,TID,Tiaret
HATP,TIE,Tippi
OETF,TIF,Taif
NTGC,TIH,Tuherahera
OATN,TII,Tarinkot
MMTJ,TIJ,Tijuana
KTIK,TIK,Oklahoma City
CFQ4,TIL,Cheadle
WAYY,TIM,Timika
DAOF,TIN,Tindouf
VYHN,TIO,Tilin
PGWT,TIQ,Tinian Island
VOTP,TIR,Tirupati
NZTU,TIU,Timaru Airport
LYTV,TIV,Tivat
KTIW,TIW,Tacoma
KTIX,TIX,Titusville
GQND,TIY,Tidjikja
AYTA,TIZ,Tari
SLTJ,TJA,Tarija
WIDT,TJB,Tanjung Balai-Karinmunbesar
,TJC,Ticantiquí
WAON,TJG,Tanta-Tabalong
RJBT,TJH,Toyooka
MHTJ,TJI,Trujillo
LTAW,TJK,Tokat
SBTG,TJL,Três Lagoas
USTR,TJM,Tyumen
NTKM,TJN,Takume
WIKT,TJQ,Tanjung Pandan
WAQD,TJS,Tanjung Selor-Borneo Island
UTDK,TJU,Kulob
VOTJ,TJV,Thanjavur
PATK,TKA,Talkeetna
AYTZ,TKB,Tekadu
FKKC,TKC,Tiko
DGTK,TKD,Sekondi-Takoradi
,TKE,Tenakee Springs
KTRK,TKF,Truckee
WILL,TKG,Bandar Lampung
VTPI,TKH,Takhli
,TKI,Tokeen
PFTO,TKJ,Tok
PTKK,TKK,Weno Island
PTFK,TKL,Taku Lodge
UIKG,TKM,Taksimo
RJKN,TKN,Amagi
FXTK,TKO,Tlokoeng
NTGT,TKP,Takapoto Airport
HTKA,TKQ,Kigoma
VGSG,TKR,Thakurgaon
RJOS,TKS,Tokushima
VTPT,TKT,Tak Airport
EFTU,TKU,Turku
NTGO,TKV,Tatakoto
AYTN,TKW,Tekin
NTKR,TKX,Takaroa Airport
YTKY,TKY,Turkey Creek
NZTO,TKZ,Tokoroa
PATE,TLA,Teller
OPTA,TLB,Tarbela
MMTO,TLC,Toluca
FBTL,TLD,Tuli Lodge
FMST,TLE,Toliara
,TLF,Telida
AGTI,TLG,Tulaghi Island
KTLH,TLH,Tallahassee
WAFL,TLI,Toli Toli-Celebes Island
PATL,TLJ,Takotna
UECT,TLK,Talakan Oil Field
EETN,TLL,Tallinn
DAON,TLM,Zenata
LFTH,TLN,"Hyères, Var"
AYXO,TLO,Tol
AYQL,TLP,Tumolbil
ZWTL,TLQ,Turpan
KTLR,TLR,Tulare
LFBO,TLS,Toulouse
PALT,TLT,Tuluksak
SKTL,TLU,Santiago de Tolú
LLBG,TLV,Tel Aviv
AYVL,TLW,Talasea
SCTL,TLX,Talca
UHWP,TLY,Plastun
SWKT,TLZ,Catalão
KTMA,TMA,Tifton
KTMB,TMB,Miami
WATK,TMC,Radamata
GQNH,TMD,Timbedra
SKTM,TME,Tame
VRNT,TMF,Thimarafushi
WBKM,TMG,Tomanggong
WAKT,TMH,Tanah Merah
VNTR,TMI,Tumling Tar
UZST,TMJ,Termez
DGLE,TML,Tamale
FMMT,TMM,Toamasina
NGTM,TMN,Tamana Island
SVTM,TMO,Tumeremo Airport
EFTP,TMP,Tampere
DFEM,TMQ,Tambao
DAAT,TMR,Tamanrasset
FPST,TMS,São Tomé
SBTB,TMT,Oriximiná
MRTR,TMU,Nicoya
YSTW,TMW,Tamworth
DAUT,TMX,Timimoun
WABH,TMY,Tiom-Papua Island
NZTH,TMZ,Thames Aerodrome
ZSJN,TNA,Jinan
WRLH,TNB,Tanah Grogot
PATC,TNC,Tin City
MUTD,TND,Trinidad
RJFG,TNE,Tanegashima
LFPN,TNF,"Toussus-le-Noble, Yvelines"
GMTT,TNG,Tangier
ZYTN,TNH,Tonghua
VEST,TNI,Satna Airport
WIDN,TNJ,Tanjung Pinang-Bintan Island
POKA,TNK,Tununak
UKLT,TNL,Ternopil
SCRM,TNM,Villa Las Estrellas
RCNN,TNN,Tainan
MRTM,TNO,Tamarindo
KTNP,TNP,Twentynine Palms
PLWN,TNQ,Teraina
FMMI,TNR,Antananarivo
CBX5,TNS,Tungsten
KTNT,TNT,Miami
KTNU,TNU,Newton
PLFA,TNV,Tabuaeran Island
SEJD,TNW,Ahuano
ZMTL,TNZ,Tosontsengel
KTOA,TOA,Torrance
HLTQ,TOB,Adam
KTOC,TOC,Toccoa
WMBT,TOD,Tioman Island
DTTZ,TOE,Tozeur
UNTT,TOF,Tomsk
PATG,TOG,Togiak Village
NVSD,TOH,Loh
KTOI,TOI,Troy
LETO,TOJ,Madrid
,TOK,Torokina
KTOL,TOL,Toledo
GATB,TOM,Timbuktu
AYVO,TON,Tonu
MRSV,TOO,Coto Brus
KTOP,TOP,Topeka
SCBE,TOQ,Tocopilla
KTOR,TOR,Torrington
ENTC,TOS,Tromsø
SMCO,TOT,Totness
NWWU,TOU,Touho
,TOV,Tortola
SBTD,TOW,Toledo
USTO,TOX,Tobolsk
RJNT,TOY,Toyama
DITM,TOZ,Touba
KTPA,TPA,Tampa
SETR,TPC,Tarapoa
RCTP,TPE,Taoyuan
KTPF,TPF,Tampa
WMBI,TPG,Taiping
KTPH,TPH,Tonopah
AYTI,TPI,Tapini
VNTJ,TPJ,Taplejung
WIMT,TPK,Tapaktuan
KTPL,TPL,Temple
SETI,TPN,Tiputini
SPST,TPP,Tarapoto
MMEP,TPQ,Tepic
YTMP,TPR,Tom Price
LICT,TPS,Trapani
,TPT,Tapeta
VNTP,TPU,Tikapur
NTTU,TPX,Tupai Atoll
BGTA,TQA,Tasiusaq
ORAT,TQD,Al Habbaniyah
BGTN,TQI,Tiniteqilaaq
USDS,TQL,Tarko-Sale
OATQ,TQN,Taleqan
MMTL,TQO,Tulum
YTEE,TQP,Trepell
WAWC,TQQ,Waha-Tomea Island
LINI,TQR,Tremiti Islands
SKTQ,TQS,Tres Esquinas
RORT,TRA,Tarama
SKTU,TRB,Turbo
MMTC,TRC,Torreón
ENVA,TRD,Trondheim
EGPU,TRE,"Balemartine, Argyll and Bute"
ENTO,TRF,Sandefjord
NZTG,TRG,Tauranga
,TRH,Trona
KTRI,TRI,Blountville
AYTT,TRJ,Tarakbits
WAQQ,TRK,Tarakan
KTRL,TRL,Terrell
KTRM,TRM,Palm Springs
LIMF,TRN,Caselle Torinese
YTRE,TRO,Taree
SBTK,TRQ,Tarauacá
VCCT,TRR,Trincomalee
LIPQ,TRS,Ronchi dei Legionari
WAFB,TRT,Toraja
SPRU,TRU,Trujillo
VOTV,TRV,Thiruvananthapuram
NGTA,TRW,South Tarawa
KTRX,TRX,Trenton
HUTO,TRY,Tororo
VOTR,TRZ,Tiruchirappalli
RCSS,TSA,Taipei
FYTM,TSB,Tsumeb
SETH,TSC,Taisha
,TSD,Tshipise
LIPH,TSF,Treviso
,TSG,Tanacross
FZUK,TSH,Tshikapa
,TSI,Tsile Tsile
RJDT,TSJ,Tsushima
MMTN,TSL,Tamuín
KSKX,TSM,Taos
ZBTJ,TSN,Tianjin
KTSP,TSP,Tehachapi
SSTE,TSQ,Torres
LRTR,TSR,Timişoara
,TSS,New York
VTST,TST,Trang
NGTS,TSU,Tabiteuea South
YBTL,TSV,Townsville
AYTS,TSW,Tsewi
WICM,TSY,Tasikmalaya-Java Island
ZMTG,TSZ,Tsetserleg
GMAT,TTA,Tan Tan
SCTT,TTC,Taltal
KTTD,TTD,Portland
WAEE,TTE,Ternate
SAST,TTG,Tartagal
OOTH,TTH,Thumrait
NTTE,TTI,Tetiaroa
RJOR,TTJ,Tottori
NFUL,TTL,Nanuya Levu Island
SQUJ,TTM,Tablón De Tamara
KTTN,TTN,Ewing Township
KBTN,TTO,Britton
WAFT,TTR,Makale
FMNT,TTS,Tsaratanana
RCFN,TTT,Taitung City
GMTN,TTU,Tétouan
,TTW,Tissamaharama
YTST,TTX,Anjo Peninsula
SETU,TUA,Tulcán
NTAT,TUB,Tubuai Airport
SANT,TUC,San Miguel de Tucumán
GOTT,TUD,Tambacounda
LFOT,TUF,"Tours, Indre-et-Loire"
RPUT,TUG,Tuguegarao City
KAYX,TUH,Manchester
OETR,TUI,Turaif
,TUJ,Tum
OPTU,TUK,Turbat
KTUL,TUL,Tulsa
YTMU,TUM,Tumut
DTTA,TUN,Tunis
NZAP,TUO,Taupo
KTUP,TUP,Tupelo
DFOT,TUQ,Tougan
SBTU,TUR,Tucuruí
KTUS,TUS,Tucson
OETB,TUU,Tabuk
SVTC,TUV,Tucupita
,TUW,Coetupo
CBX7,TUX,Tumbler Ridge
MMTU,TUY,Tulum
FMMR,TVA,Morafenobe
KTVC,TVC,Traverse City
KTVF,TVF,Thief River Falls
KTVI,TVI,Thomasville
KTVL,TVL,South Lake Tahoe
ZBSN,TVS,Tangshan
UZTP,TVT,Tashkent
NFNM,TVU,Matei
VYDW,TVY,Dawei
,TWA,Twin Hills
YTWB,TWB,Toowoomba
ZWTS,TWC,Tumxuk
,TWD,Port Townsend
AK49,TWE,Taylor
KTWF,TWF,Twin Falls
,TWH,Two Harbors
,TWP,Torwood
RPMN,TWT,Bongao
WBKW,TWU,Tawau
AYTW,TWY,Tawa
NZUK,TWZ,Twitzel
UMIO,TXC,Orsha
WITK,TXE,Takengon
SNTF,TXF,Teixeira de Freitas
KTXK,TXK,Texarkana
WAST,TXM,Atinjoe
ZSTX,TXN,Huangshan
YTNB,TXR,Tanbar Station
DITB,TXU,Tabou
,TYA,Tula
YTIB,TYB,Tibooburra Airport
,TYC,Taiyuan
UHBW,TYD,Tynda
,TYE,Tyonek
ESST,TYF,Torsby
YTHY,TYG,Thylungra Airport
SPYL,TYL,Talara
MYES,TYM,Staniel Cay
ZBYN,TYN,Taiyuan
YTMY,TYP,Tobermorey
KTYR,TYR,Tyler
KTYS,TYS,Knoxville
SUTR,TYT,Treinta y Tres
KTYL,TYZ,Taylor
MZBE,TZA,Belize City
KCFS,TZC,Caro
LQTZ,TZL,Dubrave Gornje
MM72,TZM,Tizimin
MYAK,TZN,Andros
,TZO,Ankisatra
LTCG,TZX,Trabzon
LTAG,UAB,Sarıçam
MM76,UAC,San Luis Río Colorado
AYAE,UAE,Aue
UAFW,,Kant
NTMU,UAH,Ua Huka
WPDB,UAI,Suai
BGBW,UAK,Narsarsuaq
FNUA,UAL,Luau
PGUA,UAM,Yigo
UAON,,Töretam
NTMP,UAP,Ua Pou
SANU,UAQ,San Juan
GMFB,UAR,Bouarfa
HKSB,UAS,Isiolo West
UASA,,Ayaguz
UASD,,Semey
UATR,,Shalkar
MGUX,UAX,Uaxactun
UB14,,Kyurdamir
UB18,,Baku
SBUR,UBA,Uberaba
YMAA,UBB,Mabuiag Island
UBBI,,Sumqayit
UBBS,,Khojaly
AYUI,UBI,Buin
RJDC,UBJ,Ube
ZMCK,UBN,Ulaanbaatar
VTUU,UBP,Ubon Ratchathani
KUBS,UBS,Columbus
SDUB,UBT,Ubatuba
YKAL,UBU,Kalumburu
ZBUC,UCB,Ulanqab
NV11,UCC,Mercury
,UCE,Eunice
UCFB,,Batken
UCFD,,Jalal-Abad
UKLC,UCK,Lutsk
GLBU,UCN,Buchanan
UUYH,UCT,Ukhta
KUCY,UCY,Union City
SPIZ,UCZ,Uchiza
YUDA,UDA,Undara
KUDD,UDD,Bermuda Dunes
EHVK,UDE,Uden
SBUL,UDI,Uberlândia
UKLU,UDJ,Uzhhorod
VAUD,UDR,Udaipur
UDYE,,Yerevan
YQNS,UEE,Queenstown Airport
FQQL,UEL,Quelimane
USDU,UEN,Urengoy
UENK,,Kyzyl-Syr
ROKJ,UEO,Kumejima
UERA,,Aykhal Airport
KUES,UES,Waukesha
OPQT,UET,Quetta
UWUU,UFA,Ufa
UG11,,Dollyar
UG22,,Tbilisi
UG24,,Tbilisi
UG27,,Gamarjveba 1
UG28,,Bolshiye Shiraki
ZMBN,UGA,Bulgan
UGAM,,Ambrolauri
,UGB,Pilot Point
UZNU,UGC,Urgench
,UGI,San Juan
SCGC,UGL,Union Glacier
KUGN,UGN,Chicago
FNUG,UGO,Uige
,UGS,Ugashik
UGSG,,Gudauta
ZMBR,UGT,Khankhongor
WAYB,UGU,Bilogai
LKKU,UHE,Uherské Hradiště
UHII,,Chernigovka
UHKD,,Komsomolsk-na-Amur
UHKG,,Sovetskaya Gavan
UHMF,,Omsukchan
UHMG,,Chaybukha
UHMS,,Seymchan
UHMT,,Magadan
UHPL,,Palana
UHSA,UHS,Aleksandrovsk-Sakhalinskiy
UHWV,,Vozdvizhenka
UIAE,,Krasnokamensk
UIAG,,Borzya
UIAI,,Chita
SKUI,UIB,Quibdó
UIBV,,Zheleznogorsk-Ilimsky
VVPC,UIH,Quy Nohn
MHUT,UII,Utila Island
UIID,,Dzhida
UIIR,,Irkutsk
UIBS,UIK,Ust-Ilimsk
KUIL,UIL,Quillayute
KUIN,UIN,Quincy
SEQM,UIO,Quito
LFRQ,UIP,Quimper
YQDI,UIR,Quirindi Airport
,UIT,Jabor Jaluit Atoll
,UJE,Ujae Atoll
RKTL,UJN,"Bongsan-ri, Uljin"
ZKUJ,UJU,Uiju
HKUK,UKA,Ukunda
RJBE,UKB,Kobe
UKBC,,Bila Tserkva
UKDM,,Melitopol
VEUK,UKE,Bhawanipatna
UKFG,,Hvardiiske
UKFI,,Novofedorivka
UKFY,,Dzhankoy
UEBT,UKG,Ust-Kuyga
OOMK,UKH,Mukhaizna Oil Field
KUKI,UKI,Ukiah
UASK,UKK,Ust-Kamenogorsk
UKKA,,Kacha
UKKM,,Kiev
UKKO,,Zhytomyr
,UKN,Waukon
UKOD,,Bolgrad
OYMS,UKR,Mukayras
UKRN,,Nizhyn
UKFB,UKS,Sevastopol
KUKT,UKT,Quakertown
AYNU,UKU,Nuku
UITT,UKX,Ust-Kut
SAWJ,ULA,San Julian
NVSU,ULB,Ambrym Island
FAUL,ULD,Ulundi
ULDA,,Belaya
,ULE,Sule
ZMUL,ULG,Ölgii
OEAO,ULH,Al-Ula
,ULI,Falalop Island
UERL,ULK,Lensk
ULLK,,Novgorod
ULLP,,St. Petersburg
KULM,ULM,New Ulm
ZMUB,ULN,Ulaanbaatar
ULNR,,Staraya Russa
ZMUG,ULO,Ulaangom
YQLP,ULP,Quilpie Airport
ULPP,,Petrozavodsk
SKUL,ULQ,Tuluá
,ULS,Mulatos
HUGU,ULU,Gulu
UWLL,ULV,Ulyanovsk
FAUS,ULX,Ulusaba
UWLW,ULY,Cherdakly
ZMDN,ULZ,Uliastai
MUMA,UMA,Maisí
,UMB,Kalumbila
AYUC,UMC,Umba
BGUM,UMD,Uummannaq
ESNU,UME,Umeå
SPIL,UMI,Quince Mil
PAST,UMM,Cantwell
UMMA,,Baranavichi
UMMO,,Byaroza
UMNB,,Babruisk
YPWR,UMR,Woomera
UEMU,UMS,Ust-Maya
PAUM,UMT,Umiat
SSUM,UMU,Umuarama
UKHS,UMY,Sumy
KMEZ,UMZ,Mena
SBTC,UNA,Una
,UNC,Unguía
OAUZ,UND,Kunduz
FXQN,UNE,Qacha's Nek
AYKI,UNG,Kiunga
TVSU,UNI,Union Island
PAUN,UNK,Unalakleet
VTSR,UNN,Ranong
UNNE,,Novosibirsk
UNOS,,Omsk
ZMUH,UNR,Öndörkhaan
KUNU,UNU,Juneau
NTTX,UOA,Moruroa Atoll
UODN,,Alexandra Land
WAFY,UOL,Buol
KUOS,UOS,Sewanee
KUOX,UOX,Oxford
MUPB,UPB,Havana
WAAA,UPG,Makassar
MRUP,UPL,Upala
MMPN,UPN,Uruapan
PHUP,UPP,Hawi
AYUR,UPR,Upiara
EGDJ,UPV,"Pewsey, Wiltshire"
UARR,URA,Uralsk
ZWWW,URC,Ürümqi
EDQE,URD,Ebermannstadt
EEKE,URE,Kuressaare
SBUG,URG,Uruguaiana
SKUB,URI,La Uribe
USHU,URJ,Uray
SVUM,URM,Urimán
URMB,,Budyonnovsk
OAOG,URN,Urgun
LFOP,URO,Boos
UROD,,Dudinka
SKUR,URR,Urrao
UUOK,URS,Kursk
VTSB,URT,Surat Thani
AYUE,URU,Uroubi
OEGT,URY,Gurayat
OARG,URZ,Orūzgān
KJQF,USA,Concord
K35A,USC,Union
USCU,,Uvelsky
SAWH,USH,Ushuaia
SYMB,USI,Mabaruma
UAAL,USJ,Usharal
UUYS,USK,Usinsk
YUSL,USL,Useless Loop
VTSM,USM,Na Thon
USMQ,,Yamburg
RKPU,USN,Ulsan
LTBO,USQ,Uşak
UEMT,USR,Ust-Nera
MUSS,USS,Sancti Spiritus
USSK,,Yekaterinburg
KSGJ,UST,St Augustine
RPVV,USU,Coron
UT1G,,Ashgabat
FVMU,UTA,Mutare
YMTB,UTB,Muttaburra Airport
YNUT,UTD,Nutwood Downs
FABU,UTE,Bultfontein
FXQG,UTG,Quthing
VTUD,UTH,Udon Thani
EFUT,UTI,Utti
,UTK,Utirik Island
KUTA,UTM,Tunica
FAUP,UTN,Upington
PAIM,UTO,Utopia Creek
VTBU,UTP,Rayong
UUYX,UTS,Ust-Tsylma
FAUT,UTT,Mthatha
MPUP,UTU,Ustupu
FAQT,UTW,Queenstown
UWKB,UUA,Bugulma
UUBD,,Ryazan
UUBL,,Vladimir
UUBM,,Moscow
UIUU,UUD,Ulan Ude
UUFO,,Kaluga
PAKU,UUK,Kuparuk
UUMT,,Lukhovitsy
ZMBU,UUN,Baruun Urt Airport
UHSS,UUS,Yuzhno-Sakhalinsk
,UUU,Manumu
UUWE,,Balabanovo
UUYK,,Vuktyl
UUYV,,Izhma
KUVA,UVA,Uvalde
NWWV,UVE,Ouvéa
TLPL,UVF,Vieux Fort
SSUV,UVI,União da Vitória
HEKG,UVL,Kharja Oases
AYUZ,UVO,Uvol
MA53,UWA,Ware
UWKG,,Kazan
UWWB,,Buguruslan
UWWG,,Samara
HSNN,UYL,Nyala
ZLYL,UYN,Yulin
SLUY,UYU,Quijarro
LYUZ,UZC,Stapari
,UZM,Hope Bay
UASU,UZR,Urzhar
SATU,UZU,Curuzu Cuatia
EFVA,VAA,Vaasa
,VAB,Yavarate
EDWU,VAC,Cloppenburg
KVAD,VAD,Valdosta
LFLU,VAF,"Chabeuil, Drôme"
SBVG,VAG,Varginha
SLVG,VAH,Vallegrande
AYVN,VAI,Vanimo
PAVA,VAK,Chevak
SNVB,VAL,Valença
VRMV,VAM,Maamigili
LTCI,VAN,Van
AGGV,VAO,Suavanao
SCRD,VAP,Viña Del Mar
UNIW,VAQ,Vanavara
LBWN,VAR,Varna
LTAR,VAS,Sivas
FMMY,VAT,Vatomandry
NFTV,VAV,Vava'u Island
ENSS,VAW,Vardø
VYAN,VBA,Aeng
VYCZ,VBC,Mandalay
KVBG,VBG,Lompoc
VYBP,VBP,Bokpyinn
LIPO,VBS,Montichiari
NFVB,VBV,Vanua Balavu
ESSV,VBY,Visby
VVCT,VCA,Can Tho
SNEE,VCC,Vacaria
YVRD,VCD,Victoria River
LIPZ,VCE,Venezia
,VCF,Valcheta
SUVO,VCH,Vichadero
VVCA,VCL,Tam Nghĩa
SBKP,VCP,Campinas
VVCS,VCS,Con Dao
KVCT,VCT,Victoria
KVCV,VCV,Victorville
LLOV,VDA,Eilat
SBVC,VDC,Vitória da Conquista
GCHI,VDE,El Hierro Island
VVDH,VDH,Dong Hoi
KVDI,VDI,Vidalia
SAVV,VDM,Viedma
VVVD,VDO,Van Don
SVVP,VDP,Valle de La Pascua Airport
SAOD,VDR,Villa Dolores
ENVD,VDS,Vadsø
VOJV,VDY,Toranagallu
PAVD,VDZ,Valdez
PAVE,VEE,Venetie
SYMK,VEG,Maikwak
VEHX,,Jalpaiguri
KVEL,VEL,Vernal
UNIS,VEO,Severo-Yeniseysk
VEPH,,Panagarh Air Force Station
MMVR,VER,Veracruz
AGBA,VEV,Barakoma
,VEX,Tioga
BIVM,VEY,Vestmannaeyjar
FVFA,VFA,Victoria Falls
VOBZ,VGA,Vijayawada
ULWW,VGD,Vologda
LEVX,VGO,Vigo
,VGS,General Villegas
KVGT,VGT,Las Vegas
SKVG,VGZ,Villa Garzón
FNSA,VHC,Saurimo
ESNV,VHM,Vilhelmina
KVHN,VHN,Van Horn
VHSK,,Islands
UENI,VHV,Verkhnevilyuisk
LFLV,VHY,"Charmeil, Allier"
NTUV,VHZ,Vahitahi
SSVI,VIA,Videira
VIAM,,Ambala
VIDD,,New Delhi
LOWW,VIE,Vienna
SVVG,VIG,El Vigía
KVIH,VIH,Vichy
VVVH,VII,Vinh
TUPW,VIJ,Spanish Town
GMMH,VIL,Dakhla
UKWW,VIN,Vinnitsa
LSMP,VIP,Payerne
WPVQ,VIQ,Viqueque
FAVG,VIR,Durban
KVIS,VIS,Visalia
VISA,,Sirsa Air Force Station
LEVT,VIT,Alava
AGVH,VIU,Viru
VIUX,,Udhampur
,VIV,Vivigani
SBVT,VIX,Vitória
LFPV,VIY,"Vélizy-Villacoublay, Yveline"
FQXA,VJB,Xai-Xai
KVJI,VJI,Abingdon
,VJQ,Gurue
VVRG,VKG,Rach Gia
UUWW,VKO,Moscow
KVKS,VKS,Vicksburg
UUYW,VKT,Vorkuta
ULAH,VKV,Arkhangelsk
KVLA,VLA,Vandalia
LEVC,VLC,Valencia
KVLD,VLD,Valdosta
,VLE,Grand Canyon
SAZV,VLG,Villa Gesell
NVVV,VLI,Port Vila
LEVD,VLL,Valladolid
SLVM,VLM,Villamontes
SVVA,VLN,Valencia
SWVC,VLP,Vila Rica
SCLL,VLR,Vallenar
NVSV,VLS,Epi Island
,VLU,Velikiye Luki
SVVL,VLV,Valera
EGOV,VLY,Angelsey
SAOR,VME,Villa Mercedes
SGVM,VMI,Puerto Vallemi
AYBA,VMU,Baimuru
VLSV,VNA,Salavan
KVNC,VNC,Venice
FMSU,VND,Vangaindrano
LFRV,VNE,Vannes
EYVI,VNO,Vilnius
YVRS,VNR,Vanrook Station Airport
VEBN,VNS,Varanasi
EVVA,VNT,Ventspils
FQVL,VNX,Vilanculo
KVNY,VNY,Van Nuys
VOBG,,Bangalore
VOBX,,Campbell Bay
LKVO,VOD,Vodochody
VODG,,Hyderabad
URWW,VOG,Volgograd
FMNV,VOH,Vohemar
GLVA,VOI,Voinjama
KVOK,VOK,Camp Douglas
LGBL,VOL,Nea Anchialos
SDVG,VOT,Votuporanga
UUOO,VOZ,Voronezh
FNGI,VPE,Ngiva
,VPG,Kikambala
BIVO,VPN,Vopnafjörður
KVPS,VPS,Valparaiso
FQCH,VPY,Chimoio
KVPZ,VPZ,Valparaiso
KVQQ,VQQ,Jacksonville
TJVQ,VQS,Vieques
MUVR,VRA,Matanzas
KVRB,VRB,Vero Beach
RPUV,VRC,Virac
FAVR,VRE,Vredendal
ULDW,VRI,Varandey
EFVR,VRK,Varkaus
LPVR,VRL,Vila Real
LIPX,VRN,Caselle
MUKW,VRO,Santa Marta
,VRS,Versailles
FAVB,VRU,Vryburg
ENVR,VRY,Værøy
SSOL,VRZ,Lavras
MMVA,VSA,Villahermosa
LPVZ,VSE,Viseu
KVSF,VSF,North Springfield
ESOW,VST,Stockholm
VISV,VSV,Shravasti
UMII,VTB,Vitebsk
VLVT,VTE,Vientiane
NFVL,VTF,Vatulele
VVVT,VTG,Vũng Tàu
LLNV,VTM,Beersheba
KVTN,VTN,Valentine
VTSN,,Nakhon Si Thammarat
MUVT,VTU,Las Tunas
VOVZ,VTZ,Visakhapatnam
SKVP,VUP,Valledupar
ULWU,VUS,Velikiy Ustyug
,VUU,Liwonde National Park
FMMH,VVB,Mahanoro
SKVV,VVC,Villavicencio
VVGL,,Hanoi
SLVR,VVI,Santa Cruz
ESSW,VVK,Västervik
SPWT,VVN,Las Malvinas
UHWW,VVO,Artyom
DAAP,VVZ,Illizi
FQLC,VXC,Lichinga
GVSV,VXE,São Pedro
ESMX,VXO,Växjö
FAVY,VYD,Vryheid
UENW,VYI,Vilyuisk
VYML,,Meiktila
VYNP,,Myitkyina
KVYS,VYS,Peru
VYST,,Meiktila
PAIW,WAA,Wales
,WAD,Andriamena
OEWD,WAE,Wadi Al Dawasir
OPWN,WAF,Waana
NZWU,WAG,Wanganui
KBWP,WAH,Wahpeton
FMNW,WAI,Antsohihy
AYWF,WAJ,Wavoi Falls
FMSZ,WAK,Ankazoabo
KWAL,WAL,Wallops Island
WALK,,Nusantara
FMMZ,WAM,Ambatondrazaka
AYWB,WAO,Wabo
SCAP,WAP,Palena
FMMG,WAQ,Antsalova
EIWF,WAT,Waterford
YWAC,WAU,Wauchope
YWAV,WAV,Wave Hill Airport
EPWA,WAW,Warsaw
HLZW,WAX,Zuwarah
KWAY,WAY,Waynesburg
YWCK,WAZ,Warwick Airport
WAPV,WBA,Wahai
,WBB,Stebbins
AYWJ,WBC,Wapolu
FMNF,WBD,Befandriana
FMNB,WBE,Bealanana
ETNS,WBG,Jagel
KY31,WBK,West Branch
AYWD,WBM,Wapenamanda
FMSB,WBO,Beroroha
PAWB,WBQ,Beaver
KRQB,WBR,Big Rapids
KBDU,WBU,Boulder
KWBW,WBW,Wilkes-Barre
SCST,WCA,Castro
YSCD,WCD,Cundeelee
SCTN,WCH,Chaitén
PALR,WCR,Chandalar Lake
,WDA,Ain District
WAEH,WDB,Weda
KWDG,WDG,Enid
FYWH,WDH,Windhoek
YWND,WDI,Wondai Airport
90WA,WDN,Eastsound
KWDR,WDR,Winder
ZHSY,WDS,Shiyan
KWEA,WEA,Weatherford
,WED,Wedau
ZSWF,WEF,Weifang
ZSWH,WEH,Weihai
YBWP,WEI,Weipa
FAWM,WEL,Welkom
AYXW,WEP,Weam
WABA,WET,Tigi
YWWA,WEW,Wee Waa Airport
,WFB,Ketchikan
FMSF,WFI,Fianarantsoa
KFVE,WFK,Frenchville
AT98,WFR,Queen Maud Island
YSWG,WGA,Forest Hill
OPBR,WGB,Bahawalnagar
VOWA,WGC,Warangal
YWLG,WGE,Walgett Airport
ZGSY,WGN,Shaoyang
KOKV,WGO,Winchester
WATU,WGP,Waingapu-Sumba Island
YWGT,WGT,Laceby
ZSWA,WHA,Wuhu
YEWA,WHB,Eliwana
,WHD,Hyder
HSSW,WHF,Wadi Halfa
NZWK,WHK,Whakatāne
,WHL,Welshpool
,WHN,Wuhan
NZFJ,WHO,Franz Josef Aerodrome
KWHP,WHP,Pacoima
EGEH,WHS,"Whalsay, Shetlands"
KARM,WHT,Wharton
ZSWU,WHU,Wuhu
,WIB,Vernon
EGPC,WIC,Wick
ETOU,WIE,Wiesbaden
NZKE,WIK,Waiheke Island
HKNW,WIL,Nairobi
YWTN,WIN,Winton Airport
YWCA,WIO,Wilcannia Airport
NZWO,WIR,Wairoa
AYIX,WIU,Garove Island
,WJA,Woja
KWJF,WJF,Lancaster
HKWJ,WJR,Wajir
RKNW,WJU,Wonju
NZWF,WKA,Wanaka
YWKB,WKB,Warracknabeal Airport
FAWK,WKF,Pretoria
FVWT,WKI,Hwange
RJCW,WKJ,Wakkanai
,WKK,Aleknagik
HI07,WKL,Waikoloa Village
AYWQ,WKN,Wakunai
MYAW,WKR,Walkers Cay
YWAL,WLA,Eighty Mile Beach
YWCH,WLC,Walcha Airport
KWLD,WLD,Winfield
YMLS,WLE,Miles Airport
NZWN,WLG,Wellington
NVSW,WLH,Walaha
PASK,WLK,Selawik
YWOR,WLL,Wollogorang Airport
YWTL,WLO,Waterloo Airport
YANG,WLP,West Angelas Airport
,WLR,Loring
NLWW,WLS,Wallis Island
AYWZ,WLU,Puri
KWLW,WLW,Willows
FMNX,WMA,Mandritsara
WMAP,,Kluang
YWBL,WMB,Warrnambool Airport
KWMC,WMC,Winnemucca
FMSC,WMD,Mandabe
YMNE,WME,Mount Keith Airport
KBPK,WMH,Mountain Home
EPMO,WMI,Nowy Dwór Mazowiecki
,WMK,Meyers Chuck
FMMC,WML,Malaimbandy
FMNR,WMN,Maroantsetra
PAWM,WMO,White Mountain
FMNP,WMP,Mampikony
FMNC,WMR,Mananara Nord
ZUMT,WMT,Zunyi
WAVV,WMX,Wamena
PANA,WNA,Napakiak
YWDA,WND,Laverton
ZPWS,WNH,Wenshan
WAWD,WNI,Wangi-wangi Island
CKL3,WNN,Wunnumin Lake
RPUN,WNP,Naga
YWDH,WNR,Windorah
OPNH,WNS,Nawabashah
AYWH,WNU,Wanuma
ZSWZ,WNZ,Wenzhou
AYWO,WOA,Wonenara
EHWO,WOE,Hoogerheide
SVUQ,WOK,Uonquén
YSHL,WOL,Albion Park Rail
YWDL,WON,Wondoola
ZKWS,WOS,Wonsan
RCWA,WOT,Wang'an
PAUO,WOW,Willow
SCAS,WPA,Puerto Aysén
FMNG,WPB,Port Bergé
CZPC,WPC,Pincher Creek
YWMP,WPK,Wrotham Park
CAQ8,WPL,Powell River
AYXP,WPM,Wipim
K7V2,WPO,Paonia
SCFM,WPR,Porvenir
SCGZ,WPU,Puerto Williams
HAWR,WRA,Warder
KWRB,WRB,Warner Robins
NZWR,WRE,Whangarei
PAWG,WRG,Wrangell
,WRH,Orku
KWRI,WRI,Wrightstown
KWRL,WRL,Worland
YWDG,WRN,Windarling Mine
EPWR,WRO,Wrocław
EGNO,WRT,Warton
YWWG,WRW,Warrawagine Airport
EGEW,WRY,"Westray, Orkney Islands"
VCCW,WRZ,Weerawila
AYIW,WSA,Wasua
WSAC,,Singapore
WSAG,,Sembawang
POWS,WSB,Steamboat Bay
PACS,WSF,Cape Sarichef
KAFJ,WSG,Washington
KHWV,WSH,Shirley
YSWS,WSI,Sydney
ZUWS,WSK,Wushan
,WSM,Wiseman
PFWS,WSN,South Naknek
SMWS,WSO,Washabo
MNWP,WSP,Waspam
WAUW,WSR,Wasior
KWST,WST,Westerly
AYWS,WSU,Wasu
WA83,WSX,West Sound
YSHR,WSY,Shute Harbour
NZWS,WSZ,Westport
FMMU,WTA,Tambohorano
YBWW,WTB,Toowoomba
MYGW,WTD,West End
,WTE,Wotje
PAWN,WTK,Noatak
,WTL,Tuntutuliak
EGXW,WTN,"Lincoln, Lincolnshire"
,WTO,Wotho Island
AYWT,WTP,Fatima Mission
KE24,WTR,Whiteriver
FMMX,WTS,Tsiroanomandidy
AYWC,WTT,Wantoat
NZWT,WTZ,Whitianga
ZBUH,WUA,Wuhai
YWUD,WUD,Wudinna Airport
AYWU,WUG,Wau
ZHHH,WUH,Wuhan
YMMI,WUI,Murrin Murrin
AYZM,WUM,Wasum
YWLU,WUN,Wiluna Airport
ZSWY,WUS,Wuyishan
ZBXZ,WUT,Xinzhou
HJWW,WUU,Wau
AYVW,WUV,Wuvulu Island
ZSWX,WUX,Wuxi
ZGWZ,WUZ,Tangbu
FYWB,WVB,Walvis Bay
KWVI,WVI,Watsonville
FMSK,WVK,Manakara
KWVL,WVL,Waterville
EDWI,WVN,Wilhelmshaven
PAWS,WWA,Wasilla
KWWD,WWD,Wildwood
YWWI,WWI,Woodie Woodie
AYWK,WWK,Wewak
,WWP,Whale Pass
KWWR,WWR,Woodward
PAEW,WWT,Mertarvik
YWWL,WWY,West Wyalong
ZUWX,WXN,Wanzhou
YWHA,WYA,Whyalla
,WYB,Yes Bay
GFYE,WYE,Yengema
YWYM,WYN,Wyndham Airport
KWYS,WYS,West Yellowstone
DGLW,WZA,Wa
,WZQ,Urad Middle Banner
ZHXY,XAI,Xinyang
MM45,XAL,Álamos
SBCH,XAP,Chapecó
DFOY,XAR,Aribinda
SOOS,XAU,Saül
,XBB,Blubber Bay
CNE3,XBE,Bearskin Lake
DFEB,XBG,Bogande
OIMB,XBJ,Birjand
AYBZ,XBN,Biniguni
DFEA,XBO,Boulsa
CNL3,XBR,Brockville
YPXM,XCH,Flying Fish Cove
CJS3,XCL,Cluff Lake
CYCK,XCM,Chatham-Kent
YOLA,XCO,Colac Otway Shire
LFOK,XCR,Chalons en Champagne
DFOU,XDE,Diebougou
DFCJ,XDJ,Djibo
ZYXC,XEN,Huludao
BGTQ,XEQ,Tasiusak
KC02,XES,Lake Geneva
ZHXF,XFN,Xiangyang
,XFT,"Big Pine Key, Florida"
EDHI,XFW,Hamburg
DFOG,XGA,Gaoua
DFEG,XGG,Gorom-Gorom
FNXA,XGN,Xangongo
CYLU,XGR,Kangiqsualujjuaq
XHIS,,Chuguyevka
XHSO,,Dolinsk
XIAB,,Bada
XIAS,,Chita
ZUXC,XIC,Liangshan
VLXL,XIE,Xienglom
SWSX,XIG,Xinguara
OKAJ,XIJ,Ahmed Al Jaber AB
ZBXH,XIL,Xilinhot
ZGXN,XIN,Meizhou
BGIL,XIQ,Ilimanaq
XIUW,,Ulan Ude
ZLXY,XIY,Xi'an
OTBH,XJD,Ar Rayyan
OPMA,XJM,Mangla
DFEL,XKA,Kantchari
VLXK,XKH,Xieng Khouang
CYAQ,XKS,Kasabonika
DFCA,XKY,Kaya
CZWH,XLB,Lac Brochet
XLLL,,Soltsy
GOSS,XLS,Saint Louis
DFCL,XLU,Leo
,XMA,Maramag
YMCO,XMC,Mallacoota Airport
KMDS,XMD,Madison
VNMN,XMG,Mahendranagar
NTGI,XMH,Manihi Airport
HTMI,XMI,Masasi
YMIN,XML,Minlaton Airport
ZSAM,XMN,Xiamen
CFC4,XMP,Macmillan Pass
SEMC,XMS,Macas
YYMI,XMY,Yam Island
KXNA,XNA,Fayetteville
ORTL,XNH,Nasiriyah
XNKG,,Kansk
ZLXN,XNN,Haidong
ZBXT,XNT,Xingtai
DFON,XNU,Nouna
DFEP,XPA,Pama
CZFG,XPK,Pukatawagan
MHPR,XPL,Palmerola
CZNG,XPP,Poplar River
KIEN,XPR,Pine Ridge
MRQP,XQP,Quepos
CAT4,XQU,Qualicum Beach
YSRI,XRH,Richmond
XRMU,,Grozny
,XRQ,New Barag Right Banner
CYDM,XRR,Ross River
XRWL,,Kamyshin
LEJR,XRY,Jerez de la Frontera
OMBY,XSB,Sir Bani Yas
MBSC,XSC,South Caicos
KTNX,XSD,Tonopah
DFES,XSE,Sebba
CZSN,XSI,South Indian Lake
RPNO,XSO,Siocon
WSSL,XSP,Seletar
XSSJ,,Yugorsk
YTGM,XTG,Thargomindah
CYBQ,XTL,Tadoule Lake
YTAM,XTO,Taroom Airport
YTAA,XTR,Tara Airport
XUMB,,Kubinka
ZSXZ,XUZ,Xuzhou
KXWA,XWA,Williston
XWKD,,Yoshkar Ola
XWSB,,Sennoy
XWWO,,Kinel
,XXX,Serik
AGGY,XYA,Yandina
VYYE,XYE,Ye
AYED,XYR,Yellow River Mission
DFEZ,XZA,Zabré
,XZM,Sé
CAJ4,YAA,Anahim Lake
CYAB,YAB,Arctic Bay
CYAC,YAC,Cat Lake
UNIJ,YAE,Yartsevo
CYAG,YAG,Fort Frances
CYAH,YAH,La Grande-4
SCCH,YAI,Chillan
,YAJ,Saturna Island
PAYA,YAK,Yakutat
CYAL,YAL,Alert Bay
CYAM,YAM,Sault Ste Marie
YAMB,,RAAF Base Amberley
FZIR,YAN,Yangambi
FKKY,YAO,Yaoundé
PTYA,YAP,Yap Island
,YAQ,Maple Bay
CYAD,YAR,La Grande-3
NFSW,YAS,Yasawa Island
CYAT,YAT,Attawapiskat
CTP9,YAU,Kattiniq
CAW7,YAV,Miners Bay
CKB6,YAX,Angling Lake
CYAY,YAY,St. Anthony
CYAZ,YAZ,Tofino
CYBA,YBA,Banff
CYBB,YBB,Kugaaruk
CYBC,YBC,Baie-Comeau
CYBE,YBE,Uranium City
CAE9,YBF,Bamfield
CYBG,YBG,Saguenay
,YBH,Bull Harbour
CCE4,YBI,Black Tickle
,YBJ,Baie-Johan-Beetz
CYBK,YBK,Baker Lake
CYBL,YBL,Campbell River
CBW4,YBO,Bob Quinn Lake
ZUYB,YBP,Yibin
,YBQ,Thetis Island
CYBR,YBR,Brandon
CKM8,YBS,Opapimiskan Lake
CYBT,YBT,Brochet
CYBV,YBV,Berens River
CAB3,YBW,Bedwell Harbour
CYBX,YBX,Blanc-Sablon
CYBF,YBY,Bonnyville
CAH3,YCA,Courtenay
CYCB,YCB,Cambridge Bay
CYCC,YCC,Cornwall
CYCD,YCD,Nanaimo
CYCE,YCE,Huron Park
,YCF,Cortes Bay
CYCG,YCG,Castlegar
CYCH,YCH,Miramichi
CYVL,YCK,Colville Lake
CYCL,YCL,Charlo
CYSN,YCM,Niagara-on-the-Lake
CYCN,YCN,Cochrane
CYCO,YCO,Kugluktuk
CYCQ,YCQ,Chetwynd
CYCR,YCR,Cross Lake
CYCS,YCS,Chesterfield Inlet
CYCT,YCT,Coronation
ZBYC,YCU,Yuncheng
CYCW,YCW,Chilliwack
CYCY,YCY,Clyde River
CYCZ,YCZ,Fairmont Hot Springs
CYDA,YDA,Dawson City
CYDB,YDB,Burwash Landing
CER3,YDC,Drayton Valley
CYDF,YDF,Deer Lake
CYID,YDG,Digby
CJL2,YDJ,Hatchet Lake
CYDL,YDL,Dease Lake
CYDN,YDN,Dauphin
CYDO,YDO,Dolbeau-Saint-Felicien
CYDP,YDP,Nain
CYDQ,YDQ,Dawson Creek
CZBB,YDT,Delta
CJL8,YDU,Kasba Lake
CZTA,YDV,Bloodvein River
CKV4,YDW,Obre Lake
CPF2,YEB,Echo Bay
RKTY,YEC,Yecheon-ri
CYEG,YEG,Edmonton
,YEH,Yinchuan
LTBR,YEI,Yenişehir
CYEK,YEK,Arviat
CYEL,YEL,Elliot Lake
CYEM,YEM,Sheguiandah
CYEN,YEN,Estevan
EGDY,YEO,"Yeovil, Somerset"
AYYK,YEQ,YenkisAirport
CYER,YER,Fort Severn
OISY,YES,Yasuj
CYET,YET,Edson
CYEU,YEU,Eureka
CYEV,YEV,Inuvik
CYEY,YEY,Amos
CYFA,YFA,Fort Albany
CYFB,YFB,Iqaluit
CYFC,YFC,Fredericton
CYFE,YFE,Forestville
CTU2,YFG,Fontanges
CYFH,YFH,Fort Hope
CYFI,YFI,Suncor Energy Site
CYWE,YFJ,Wekweètì
CJN8,YFL,Fort Reliance
CYFO,YFO,Flin Flon
CYFR,YFR,Fort Resolution
CYFS,YFS,Fort Simpson
CCK4,YFX,St. Lewis
,YGA,Chongqing
CYGB,YGB,Texada
,YGE,Gorge Harbour
CAX6,YGG,Salt Spring Island
CYGH,YGH,Fort Good Hope
RJOH,YGJ,Yonago
CYGK,YGK,Kingston
CYGL,YGL,La Grande Rivière
CYGM,YGM,Gimli
CYGN,YGN,Broughton Island
CYGO,YGO,Gods Lake Narrows
CYGP,YGP,Gaspé
CYGQ,YGQ,Geraldton
CYGR,YGR,Les Îles-de-la-Madeleine
CYGT,YGT,Igloolik
CYGV,YGV,Havre-Saint-Pierre
CYGW,YGW,Kuujjuarapik
CYGX,YGX,Gillam
CYGZ,YGZ,Grise Fiord
CCP4,YHA,Port Hope Simpson
CYHB,YHB,Hudson Bay
,YHC,Hecate Island
CYHD,YHD,Dryden
CYHE,YHE,Hope
CYHF,YHF,Hearst
CCH4,YHG,Charlottetown
CAE3,YHH,Campbell River
CYHI,YHI,Ulukhaktok
ZSYH,YHJ,Nanchang
CYHK,YHK,Gjoa Haven
CYHM,YHM,Hamilton
CYHN,YHN,Hornepayne
CYHO,YHO,Hopedale
CYHP,YHP,Poplar Hill
CYHR,YHR,Chevery
CAP3,YHS,Sechelt
CYHT,YHT,Haines Junction
CYHU,YHU,Montréal
CYHY,YHY,Hay River
CYHZ,YHZ,Halifax
WAHI,YIA,Yogyakarta
CYIB,YIB,Atikokan
ZSYC,YIC,Yichun
ZBES,YIE,Arxan
CYIF,YIF,St-Augustin
CAF6,YIG,Stuart Island
ZHYC,YIH,Yichang
CYIK,YIK,Ivujivik
ZWYN,YIN,Ili
CYIO,YIO,Pond Inlet
KYIP,YIP,Detroit
CYIV,YIV,Island Lake
ZSYW,YIW,Yiwu
CYJA,YJA,Jasper
CYJF,YJF,Fort Liard
CYJN,YJN,St Jean
CEC4,YJP,Hinton
ZKSE,YJS,Samjiyŏn
CYJT,YJT,Stephenville
CYKA,YKA,Kamloops
CYKC,YKC,Collins Bay
CYKM,YKD,Kincardine
CJT3,YKE,Knee Lake
CYKF,YKF,Breslau
CYAS,YKG,Kangirsuk
ZYYK,YKH,Yingkou
CYKJ,YKJ,Key Lake
CAP7,YKK,Kitkatla
CYKL,YKL,Schefferville
KYKM,YKM,Yakima
KYKN,YKN,Yankton
LTCW,YKO,Hakkari
CYKQ,YKQ,Waskaganish
UEEE,YKS,Yakutsk
,YKT,Klemtu
CSU2,YKU,Chisasibi
CYKX,YKX,Kirkland Lake
CYKY,YKY,Kindersley
CYLB,YLB,Lac La Biche
CYLC,YLC,Kimmirut
CYLD,YLD,Chapleau
CEM3,YLE,Whatì
YYAL,YLG,Yalgoo
CYLH,YLH,Lansdowne House
EFYL,YLI,Ylivieska
CYLJ,YLJ,Meadow Lake
CYLS,YLK,Barrie
CYLL,YLL,Lloydminster
,YLP,Longue-Pointe-de-Mingan
CYLQ,YLQ,La Tuque
CYLR,YLR,Leaf Rapids
CSH4,YLS,Lebel-sur-Quévillon
CYLT,YLT,Alert
UBEE,YLV,Yevlakh
CYLW,YLW,Kelowna
ZGYL,YLX,Yulin
CYNJ,YLY,Langley
CYMA,YMA,Mayo
CAD5,YMB,Merritt
CYME,YME,Matane
YMES,,RAAF Base East Sale
,YMF,Galiano Island
CYMG,YMG,Manitouwadge
CYMH,YMH,Mary's Harbour
CYMJ,YMJ,Moose Jaw
USDK,YMK,Mys Kamennyi
CYML,YML,Charlevoix
CYMM,YMM,Fort McMurray
CYFT,YMN,Makkovik
CYMO,YMO,Moosonee
CAT5,YMP,Port McNeill
SPMS,YMS,Yurimaguas
CYMT,YMT,Chibougamau
CAV7,YMU,Mansons Landing
,YMV,Mary River
CYMW,YMW,Messines
CYMX,YMX,Montréal
CYNA,YNA,Natashquan
OEYN,YNB,Yanbu
CYNC,YNC,Wemindji
CYND,YND,Gatineau
CYNE,YNE,Norway House
KYNG,YNG,Youngstown
CYNH,YNH,Hudson's Hope
ZYYJ,YNJ,Yanji
CYNL,YNL,Points North Landing
CYNM,YNM,Matagami
CKQ3,YNO,North Spirit Lake
CNH2,YNP,Natuashish
CYHH,YNS,Nemiscau
ZSYT,YNT,Yantai
CSK6,YNX,Snap Lake Mine
RKNY,YNY,Gonghang-ro
ZSYN,YNZ,Yancheng
CYOA,YOA,Ekati
CYOC,YOC,Old Crow
CYOD,YOD,Cold Lake
CFM4,YOE,Donnelly
CYKP,YOG,Ogoki Post
CYOH,YOH,Oxford House
,YOI,Éléonore Mine
CYOJ,YOJ,High Level
DNYO,YOL,Yola
VQTY,YON,Yongphulla
CYOO,YOO,Oshawa
CYOP,YOP,Rainbow Lake
CYOS,YOS,Owen Sound
CYOW,YOW,Ottawa
CYPA,YPA,Prince Albert
CBS8,YPB,Port Alberni
CYPC,YPC,Paulatuk
CNK4,YPD,Parry Sound
CYPE,YPE,Peace River
YPEA,,Bullsbrook
YPED,,Adelaide
CYPG,YPG,Portage la Prairie
CYPH,YPH,Inukjuak
CYLA,YPJ,Aupaluk
CYPL,YPL,Pickle Lake
CYPM,YPM,Pikangikum
CYPN,YPN,Port-Menier
CYPO,YPO,Peawanuck
CYPQ,YPQ,Peterborough
CYPR,YPR,Prince Rupert
CYPD,YPS,Port Hawkesbury
CAG8,YPT,Sunshine Coast
CYPW,YPW,Powell River
CYPX,YPX,Puvirnituq
CYPY,YPY,Fort Chipewyan
CYPZ,YPZ,Burns Lake
CYQA,YQA,Gravenhurst
CYQB,YQB,Quebec
CYHA,YQC,Quaqtaq
CYQD,YQD,The Pas
CYQF,YQF,Springbrook
CYQG,YQG,Windsor
CYQH,YQH,Watson Lake
CYQI,YQI,Yarmouth
,YQJ,Quadra Island
CYQK,YQK,Kenora
CYQL,YQL,Lethbridge
CYQM,YQM,Moncton
CYQN,YQN,Nakina
CYQQ,YQQ,Comox
CYQR,YQR,Regina
CYQS,YQS,St Thomas
CYQT,YQT,Thunder Bay
CYQU,YQU,Grande Prairie
CYQV,YQV,Yorkton
CYQW,YQW,North Battleford
CYQX,YQX,Gander
CYQY,YQY,Sydney
CYQZ,YQZ,Quesnel
CYRA,YRA,Gamètì
CYRB,YRB,Resolute Bay
,YRC,Desolation Sound
,YRD,Kimsquit Valley
CYCA,YRF,Cartwright
CCZ2,YRG,Rigolet
CYRI,YRI,Rivière-du-Loup
CYRJ,YRJ,Roberval
CYRL,YRL,Red Lake
CYRM,YRM,Rocky Mountain House
CAU8,YRN,Rivers Inlet
CYRO,YRO,Ottawa
CYRQ,YRQ,Trois-Rivières
,YRR,Big Bay
CYRS,YRS,Red Sucker Lake
CYRT,YRT,Rankin Inlet
CYRV,YRV,Revelstoke
CSB2,YSA,Sable Island
CYSB,YSB,Sudbury
CYSC,YSC,Sherbrooke
CYSD,YSD,Ralston
CYSE,YSE,Squamish
CYSF,YSF,Stony Rapids
CYLK,YSG,Lutselk'e
CYSH,YSH,Smiths Falls
CPS9,YSI,Frying Pan Island
CYSJ,YSJ,Saint John
CYSK,YSK,Sanikiluaq
CYSL,YSL,Saint-Léonard
CYSM,YSM,Fort Smith
CZAM,YSN,Salmon Arm
CCD4,YSO,Postville
CYSP,YSP,Marathon
ZYSQ,YSQ,Qian Gorlos Mongol Autonomou
CYST,YST,St. Theresa Point
CYSU,YSU,Slemon Park
CYSV,YSV,Saglek
CAW8,YSX,Bella Bella
CYSY,YSY,Sachs Harbour
CYTA,YTA,Pembroke
CAY4,YTB,Hartley Bay
CZLQ,YTD,Thicket Portage
CYTE,YTE,Kinngait
CYTF,YTF,Alma
CAV5,YTG,Sullivan Bay
CYTH,YTH,Thompson
CYTL,YTL,Big Trout Lake
CYFJ,YTM,La Macaza
CAB4,YTP,Tofino
CYTQ,YTQ,Tasiujaq
CYTR,YTR,Trenton
CYTS,YTS,Timmins
CJY3,YTT,Tisdale
ZWYT,YTW,Hotan
ZSYA,YTY,Yangzhou
CYTZ,YTZ,Toronto
ZPYM,YUA,Chuxiong
CYUB,YUB,Tuktoyaktuk
CYMU,YUD,Umiujaq
YYND,YUE,Yuendumu Airport
UDCK,YUK,Kapan
CYUL,YUL,Montréal
KNYL,YUM,Yuma
ZLYS,YUS,Yushu
CYUT,YUT,Repulse Bay
CYUX,YUX,Sanirajak
CYUY,YUY,Rouyn-Noranda
CYVB,YVB,Bonaventure
CYVC,YVC,La Ronge
AYXE,YVD,Yeva
CYVK,YVE,Vernon
CYVG,YVG,Vermilion
CYVM,YVM,Qikiqtarjuaq
CYVO,YVO,Val-d'Or
CYVP,YVP,Kuujjuaq
CYVQ,YVQ,Norman Wells
CYVR,YVR,Vancouver
CYVT,YVT,Buffalo Narrows
CYVV,YVV,Wiarton
CYVZ,YVZ,Deer Lake
CYWA,YWA,Petawawa
CYKG,YWB,Kangiqsujuaq
CYWG,YWG,Winnipeg
CYWH,YWH,Victoria
CYWJ,YWJ,Déline
CYWK,YWK,Wabush
CYWL,YWL,Williams Lake
CCA6,YWM,Williams Harbour
CYWP,YWP,Webequie
CTM3,YWQ,Chutes-des-Passes
CNJ8,YWR,White River
YWRN,,Warren Airport
CAE5,YWS,Whistler
CYWY,YWY,Wrigley
CYXC,YXC,Cranbrook
CYXE,YXE,Saskatoon
CYXH,YXH,Medicine Hat
CYXJ,YXJ,Fort Saint John
CYXK,YXK,Rimouski
CYXL,YXL,Sioux Lookout
CYXN,YXN,Whale Cove
CYXP,YXP,Pangnirtung
CYXQ,YXQ,Beaver Creek
CYXR,YXR,Earlton
CYXS,YXS,Prince George
CYXT,YXT,Terrace
CYXU,YXU,London
CYXX,YXX,Abbotsford
CYXY,YXY,Whitehorse
CYXZ,YXZ,Wawa
ZGYY,YYA,Yueyang
CYYB,YYB,North Bay
CYYC,YYC,Calgary
CYYD,YYD,Smithers
CYYE,YYE,Fort Nelson
CYYF,YYF,Penticton
CYYG,YYG,Charlottetown
CYYH,YYH,Taloyoak
CYYJ,YYJ,Victoria
CYYL,YYL,Lynn Lake
CYYM,YYM,Cowley
CYYN,YYN,Swift Current
CYYQ,YYQ,Churchill
CYYR,YYR,Goose Bay
CYYT,YYT,St. John's
CYYU,YYU,Kapuskasing
CYYW,YYW,Armstrong
CYYY,YYY,Mont-Joli
CYYZ,YYZ,Toronto
CAZ5,YZA,Cache Creek
CYZE,YZE,Gore Bay
CYZF,YZF,Yellowknife
CYZG,YZG,Salluit
CYZH,YZH,Slave Lake
CYZP,YZP,Sandspit
CYZR,YZR,Sarnia
CYZS,YZS,Coral Harbour
CYZT,YZT,Port Hardy
CYZU,YZU,Whitecourt
CYZV,YZV,Sept-Îles
CYZW,YZW,Teslin
CYZX,YZX,Greenwood
ZLZY,YZY,Zhangye
CAD4,YZZ,Trail
Z19O,,Hamat
CZAC,ZAC,York Landing
LDZD,ZAD,Zadar
LDZA,ZAG,Velika Gorica
OIZH,ZAH,Zahedan
SCVD,ZAL,Valdivia
RPMZ,ZAM,Zamboanga
LFCC,ZAO,Cahors
DNZA,ZAR,Zaria
,ZAT,Zhaotong
LEZG,ZAZ,Zaragoza
ZBBB,,Beijing
LKZA,ZBE,Dolní Benešov
CZBF,ZBF,South Tetagouche
YBLE,ZBL,Biloela
ZBLX,,Beijing
CZBM,ZBM,Bromont
ZBNJ,,Beijing
YBWN,ZBO,Bowen
OIZC,ZBR,Konarak
VLSB,ZBY,Sainyabuli
MMZC,ZCL,Zacatecas
SCQP,ZCO,Temuco
,ZDM,Ramallah
OMDL,ZDY,Delma Island
FASC,ZEC,Secunda
WAKQ,ZEG,Senggo-Papua Island
CBBC,ZEL,Bella Bella
CZEM,ZEM,Eastmain River
AYZA,ZEN,Zenag
VEZO,ZER,Ziro
CZFA,ZFA,Faro
CZFD,ZFD,Fond-du-Lac
ZWZS,ZFL,Zhaosu
CZFM,ZFM,Fort Mcpherson
CZFN,ZFN,Tulita
SSUO,ZFU,Arujá
CEB5,ZFW,Fairview
ZGCS,,Changsha
CZGF,ZGF,Grand Forks
CZGI,ZGI,Gods River
YSGW,ZGL,South Galway Airport
FLNA,ZGM,Ngoma
,ZGN,Zhongshan
CZGR,ZGR,Little Grand Rapids
CTT5,ZGS,Le Golfe-du-Saint-Laurent
NVSQ,ZGU,Gaua Island
ZGZJ,ZHA,Zhanjiang
VGSH,ZHM,Shamshernagar
CZHP,ZHP,High Prairie
ZLZW,ZHY,Zhongwei
UUBW,ZIA,Moscow
SCTO,ZIC,Victoria
GOGG,ZIG,Ziguinchor
MMZH,ZIH,Ixtapa
HLZN,ZIS,Zintan
UEVV,ZIX,Zhigansk
OPZM,ZIZ,Zamzama Gas Field
CZJG,ZJG,Jenpeg
CZJN,ZJN,Swan River
FLKY,ZKB,Kasaba Bay
CZKE,ZKE,Kashechewan
CTK6,ZKG,Côte-Nord-du-Golfe-du-Saint-
ZKHW,,Hwangju
,ZKL,Zigong
UESU,ZKP,Zyryanka
ZKPN,,Sunchon
ZKSC,,Sunchon
MMZO,ZLO,Manzanillo
SCLN,ZLR,Linares
CTU5,ZLT,La Tabatière
HSZA,ZLX,Zalingei
,ZMD,Sena Madureira
CZML,ZMH,108 Mile
MMZM,ZMM,Zamora
CZMT,ZMT,Masset
CAC8,ZNA,Nanaimo
,ZNC,Nyac
DRZR,ZND,Zinder
YNWN,ZNE,Newman
,ZNU,Namu
HTZA,ZNZ,Zanzibar
EDGL,ZOE,Ludwigshafen am Rhein
CAH2,ZOF,Ocean Falls
SCJO,ZOS,Osorno
CZPB,ZPB,Sachigo Lake
SCPC,ZPC,Pucon
KZPH,ZPH,Zephyrhills
CZPO,ZPO,Pinehouse Lake
ZPZT,,Zhaotong
NZQN,ZQN,Queenstown
CAQ6,ZQS,Queen Charlotte
EDRZ,ZQW,Zweibrücken
ZBZJ,ZQZ,Zhangjiakou
LSZH,ZRH,Zurich
WABO,ZRI,Serui
CZRJ,ZRJ,Round Lake
WAJI,ZRM,Sarmi
MYSM,ZSA,San Salvador
FMEP,ZSE,Saint-Pierre
CZSJ,ZSJ,Sandy Lake
DISS,ZSS,Sassandra
CZST,ZST,Stewart
ZSTZ,,Anji
CZSW,ZSW,Prince Rupert
NTGY,ZTA,Tureia
CTB6,ZTB,Tête-à-la-Baleine
LGZA,ZTH,Zakynthos
CZTM,ZTM,Shamattawa
UKKV,ZTR,Zhytomyr
CAL9,ZTS,Tahsis
UBBY,ZTU,Zaqatala
CZUC,ZUC,Ignace
SCAC,ZUD,Ancud
ZGSD,ZUH,Zhuhai
OEZL,ZUL,Zilfi
CZUM,ZUM,Churchill Falls
FMMN,ZVA,Miandrivazo
,ZVG,Springvale
VLSK,ZVK,Savannakhet Airport
FMND,ZWA,Andapa Airport
CZWL,ZWL,Wollaston Lake
ZWML,,"Hoxud, Bayingolin"
UBTT,ZXT,Zabrat
ZUZY,ZYI,Zunyi
VGSY,ZYL,Sylhet
ZYSY,,"Yuhong, Shenyang"
ZYYY,,"Dadong, Shenyang"
UBBZ,ZZE,Zangilan
UHSO,ZZO,Tymovskoye
FWUU,ZZU,Mzuzu
KZZV,ZZV,Zanesville
